Fecha (mes y año),Alcalinidad,Conductividad,DBO,DQO,Dureza,Fenoles,N-Amoniacal,Cloruros,N-Nitrato,P-Fosfato,Oxígeno disuelto,pH,Sólidos suspendidos totales,SAAM-Detergentes,Turbidez,Coliformes totales,Escherichia Coli,Norte (Y),Este(X) ,Caudal,Temperatura agua,Temperatura aire
1/03/2016,14,"46,3",23,"42,8","14,25",#N/A,#N/A,"4,28",#N/A,#N/A,"4,64","6,73","15,7",#N/A,"11,8","2,4",25000,1069171,1053729,"69,5","14,6","17,5"
1/03/2016,"26,5","89,2",17,"41,8","20,08",#N/A,"2,553","6,85","0,133",#N/A,"3,18","6,62","12,7",#N/A,"9,32",1600000,170000,1068407,1053092,"79,8","15,8","20,3"
1/03/2016,"26,5",111,"49,6",71,"13,82",#N/A,"1,289","10,49","0,124",#N/A,"5,83","7,5","44,3",#N/A,"30,9","2,4",980000,1068375,1053022,"101,5","16,1",22
1/03/2016,"62,5",472,"34,1","75,5","59,79",#N/A,"3,839",875,"0,128",#N/A,"3,50","9,31","24,2",#N/A,"8,32",1400000,150000,1066213,1051396,"252,4","16,7","20,4"
1/03/2016,74,484,"23,4","58,3","56,41",#N/A,"13,886","60,56","0,152",#N/A,1,"7,20",34,#N/A,"19,3",290000,39000,1063649,1048123,"204,4","19,3",21
1/03/2016,"26,7","86,7","12,7","36,3","8,53",#N/A,"2,661","5,82","0,357",#N/A,"1,5","6,4","26,2",#N/A,"18,5",1000000,310000,1061545,1044701,31,"16,8","15,3"
1/03/2016,160,1164,158,320,"116,67",#N/A,"16,192",210,"0,362",#N/A,"0,52","7,5",60,#N/A,"19,5",190000,"1,0",1061579,1044147,"140,6","17,4","17,2"
1/03/2016,206,678,"73,8",273,"60,28","0,136","17,337","64,83","0,357",#N/A,"5,2","8,5",144,#N/A,"86,2",87000,31000,1060585,1042259,"6,4","20,1","17,6"
1/03/2016,112,762,"17,4","66,5","78,19",#N/A,"10,989",127,"0,392",#N/A,"3,45","6,9","31,4",#N/A,"14,5",250000,72000,1060054,1041940,302,"19,1","18,8"
1/03/2016,105,634,"8,2","35,9","77,18",#N/A,"11,842","96,17","0,396",#N/A,"3,3","7,6",16,#N/A,"10,1",2300,410,1056726,1041150,"304,6","19,1","18,1"
1/03/2016,"9,1","28,2",#N/A,"24,1","8,2",#N/A,#N/A,"3,57",#N/A,#N/A,"6,3","7,9",8,#N/A,"5,7",370,4,1055236,1039047,3310,"15,9","18,5"
1/03/2016,"11,9","89,7","3,6","22,4","16,98",#N/A,#N/A,14,"0,937",#N/A,"4,1","6,7","6,5",#N/A,"8,06",9200,1500,1056377,1035917,#N/A,"17,5","17,3"
1/03/2016,"9,8","97,9","2,5",29,"14,91",#N/A,#N/A,"14,06","1,567",#N/A,"7,5","6,5","6,5",#N/A,"7,69",16000,990,1055056,1031591,#N/A,"17,4","20,6"
1/03/2016,302,1007,"72,8",458,"96,45","0,063",3,"81,85","0,783",#N/A,"0,6","7,6",210,#N/A,145,2800000,360000,1054454,1031355,#N/A,18,"21,9"
1/03/2016,"9,6","96,1",2,"23,8","17,06",#N/A,#N/A,"13,85","1,498",#N/A,"5,8","6,9","10,6",#N/A,"9,51",17000,1400,1054908,1031064,#N/A,"16,6","22,1"
1/03/2016,11,"45,7",#N/A,"17,6","13,22",#N/A,#N/A,"4,88","0,711",#N/A,"5,9","6,9","6,3",#N/A,"9,78",390,10,1050792,1030410,#N/A,"17,8","18,3"
1/03/2016,"9,9","55,6",#N/A,"17,4","15,57",#N/A,#N/A,"6,97","0,733",#N/A,"5,6","6,9","13,5",#N/A,"11,6",9800,560,1050912,1028019,#N/A,"17,9","20,1"
1/03/2016,"9,8","49,2","2,1","22,8","16,44",#N/A,#N/A,"5,49","0,818",#N/A,"5,3","5,6",25,#N/A,"15,3","2,4",620,1049027,1025190,16962,"19,3","21,2"
1/03/2016,346,1162,"40,7",203,"98,64",#N/A,"43,628",110,"1,056",#N/A,"2,3",8,127,#N/A,72,74000,14000,1043839,1021962,"10,5","22,1","23,2"
1/03/2016,"13,3","57,1","2,2","24,7","13,19",#N/A,#N/A,"6,57","0,858",#N/A,"5,3","6,1",22,#N/A,22,"2,4",1400,1043552,1021344,14087,19,"23,4"
1/03/2016,"11,5","52,9","2,5","19,9","15,12",#N/A,#N/A,"6,56","0,88",#N/A,"5,4","6,9","59,2",#N/A,"46,2","2,4",860,1041499,1017904,14575,20,"22,4"
1/03/2016,"16,5","69,5","3,3","19,7","71,13",#N/A,"0,803","7,12","0,893",#N/A,"4,1","6,5",68,#N/A,40,190000,17000,1042129,1014846,20059,"17,1","15,3"
1/03/2016,"13,5",169,"4,2",#N/A,"83,25",#N/A,#N/A,"7,59","0,615",#N/A,"4,4","5,8","66,4",#N/A,"85,9",6300,1000,1042314,1014796,"397,5","18,9","15,8"
1/03/2016,"15,5","71,3","3,5","21,3","69,54",#N/A,#N/A,"6,82","0,785",#N/A,"3,4","6,7","7,8",#N/A,28,130000,4100,1041716,1012469,18256,"21,8","16,1"
1/03/2016,"14,2","67,4",#N/A,"12,7","41,41",#N/A,#N/A,"7,70","0,139",#N/A,"5,5","6,2","30,5",#N/A,"6,23",520,20,1059091,1012168,11,"14,7","16,8"
1/03/2016,"35,9",181,"4,3","38,4","83,89",#N/A,"1,072","14,43","0,74",#N/A,1,"6,3",22,#N/A,"11,7",24000,75,1051045,1017370,#N/A,"15,6","20,7"
1/03/2016,"14,7",110,"3,1","35,3","59,26",#N/A,"0,708","12,41","0,695",#N/A,"3,4","6,4","31,4",#N/A,"14,4","2,4",150,1051771,1016897,1043,"16,9","21,6"
1/03/2016,"81,8",274,"29,8","84,1",356,#N/A,"6,702","26,16","0,242",#N/A,"0,63","7,07","22,9",#N/A,"25,5",5500000,910000,1044017,1011724,"534,3","19,9","19,4"
1/03/2016,18,"78,9","2,2","28,2","82,42",#N/A,"0,904","7,08","0,639",#N/A,"5,64","6,37","55,8",#N/A,"49,9",65000,7800,1044195,1011773,12218,"19,8","18,8"
1/03/2016,236,3160,142,257,165,#N/A,"30,863","7,75","0,356",#N/A,"0,17","7,91",167,#N/A,105,29000000,9300000,1045186,1009868,"219,1","17,8",18
1/03/2016,"30,2",192,"3,9","29,3",397,#N/A,"1,428","31,88","0,687",#N/A,"1,58","6,63",30,#N/A,31,120000,29000,1039370,1008158,"11,646","19,9",18
1/03/2016,"40,3",232,4,"32,5",140,#N/A,"3,1","32,43","1,36",#N/A,"5,81","7,32",8,#N/A,"8,59",69000,15000,1019670,1013515,"342,9","17,9",21
1/03/2016,278,1158,"23,9",86,181,#N/A,"6,708",184,"0,49",#N/A,"0,57","7,54","25,6",#N/A,"26,4",410000,20000,1038747,1009150,343,20,"19,6"
1/03/2016,"25,8",151,"5,5","25,3","19,04",#N/A,"2,065","23,62","0,816",#N/A,"2,5","6,7","41,7",#N/A,"42,8",1000000,110000,1035918,1007888,10723,"20,3","22,6"
1/03/2016,378,1096,698,959,121,"0,103","59,223","76,11","0,678",#N/A,"0,58","7,7",757,#N/A,303,"2,4",17000000,1033591,1006439,"148,2","21,9","23,3"
1/03/2016,"30,9",177,"7,3","38,1","21,88",#N/A,"2,257","26,62","0,541",#N/A,"1,3","6,6","28,3",#N/A,"18,2",42000,6300,1029572,1005306,9183,21,"24,9"
1/03/2016,371,1022,175,353,"61,17",#N/A,"55,873","67,20","0,865",#N/A,"0,5","7,8",96,#N/A,130,3900000,2000000,1029206,1004241,78,"20,5","24,5"
1/03/2016,53,236,"25,1","50,2",22,#N/A,"6,237","28,82","0,452",#N/A,"0,9",7,35,#N/A,"32,5",1200000,610000,1028187,1004022,12157,21,24
1/03/2016,"35,5",189,"5,3","24,5","19,21",#N/A,"3,093","27,26","0,497",#N/A,"0,68","6,8",21,#N/A,"19,9",44000,14000,1025751,1000784,11491,"20,8","24,2"
1/03/2016,"22,7",125,#N/A,#N/A,3,#N/A,#N/A,"10,96","0,953",#N/A,2,"6,4","24,4",#N/A,"29,8",16000,1,1036484,1001018,"64,6","16,7","13,6"
1/03/2016,274,821,364,637,3,"0,123",3,"50,94","0,749",#N/A,2,"7,3",413,#N/A,127,"2,4",24000000,1028315,1000903,"7,7","20,4","19,4"
1/03/2016,"37,8",246,"15,6","48,6",3,#N/A,3,"28,16","0,344",#N/A,2,"6,9","31,7",#N/A,"35,2",2000000,550000,1026359,999403,#N/A,"19,9","23,1"
1/03/2016,"39,5",210,4,"27,3",3,#N/A,"3,457","28,04","0,298",#N/A,2,"6,8","22,5",#N/A,22,62000,18000,1022479,997985,10344,"20,4","21,4"
1/03/2016,343,1035,364,2,3,"0,118","46,346","61,67","0,645",#N/A,2,"7,5",629,#N/A,233,130000000,31000000,1022485,997952,"8,8","21,8","22,8"
1/04/2016,"48,3",241,"7,6","29,1",3,#N/A,"2,998","28,52","0,172",#N/A,1,"6,9","58,6",#N/A,"37,1","2,4",1200,1017121,994642,18312,"19,7",20
1/04/2016,#N/A,"23,7",#N/A,#N/A,3,#N/A,#N/A,#N/A,"0,124",#N/A,"6,3","5,9",8,#N/A,"4,5",3700,1400,1003042,1002123,#N/A,"13,1","18,5"
1/04/2016,107,342,"62,2",2,3,#N/A,3,"20,78","0,65",#N/A,"1,2","7,1","91,5",#N/A,"79,3",73000000,9300000,1015910,994756,1118,18,"20,3"
1/04/2016,160,593,105,83,3,#N/A,"21,578","51,82","0,102",#N/A,4,"7,1",96,#N/A,"62,3",98000000,16000000,1015587,994602,4500,"20,5","23,3"
1/04/2016,"80,4",326,"26,3",73,3,#N/A,"7,036","31,87","0,389",#N/A,"0,60",7,60,#N/A,"30,6",19000000,3300000,1014640,994485,23880,"18,5","21,7"
1/04/2016,131,389,"13,2","63,1",3,#N/A,"3,742","33,66","0,641",#N/A,"1,27","6,8",20,#N/A,"7,2",140000,2000,1014447,992366,"501,2",18,"16,4"
1/04/2016,101,372,"44,3",106,3,#N/A,"9,125","36,45","0,256",#N/A,2,"7,20",55,#N/A,"52,4",16000000,4600000,1014304,992092,#N/A,19,#N/A
1/04/2016,"88,8",374,"41,4",116,3,#N/A,"7,347","37,35","1,365",#N/A,2,"7,20","35,3",#N/A,38,24000000,4900000,1014225,992029,#N/A,"19,5",#N/A
1/04/2016,112,433,104,186,3,#N/A,"11,657","37,65","0,275",#N/A,2,"7,90",137,#N/A,"89,9",24000000,6100000,1011820,988944,#N/A,"19,7",#N/A
1/04/2016,"86,4",335,"39,2",2,3,#N/A,"8,25","29,11","0,202",#N/A,2,"7,5","54,4",#N/A,"45,8",10000000,3700000,1007802,990791,#N/A,"19,1",#N/A
1/04/2016,263,976,478,2,3,#N/A,"48,367","84,52","0,603",#N/A,2,"8,5",230,#N/A,124,88000000,28000000,1007496,991607,#N/A,21,#N/A
1/04/2016,"21,6","95,9",6,27,3,#N/A,"1,649","5,13","0,608",#N/A,2,"7,7","16,5",#N/A,"19,5",440000,120000,997161,1000264,#N/A,"15,8",#N/A
1/04/2016,"94,5",376,"53,3",110,3,#N/A,"12,326","33,4","0,161",#N/A,"0,34","7,1",100,#N/A,"28,8",20000000,5500000,1007407,990545,34696,20,#N/A
1/04/2016,266,1214,465,2,187,"0,106","76,188","84,87","0,011",#N/A,"3,8","8,10",420,#N/A,198,72000000,25000000,988415,1005879,22501,20,"23,6"
1/04/2016,161,653,113,2,103,#N/A,"23,332","64,08","0,010",#N/A,"0,7",7,128,#N/A,"66,5",24000000,9800000,984472,1003660,23656,"19,4",23
1/04/2016,19,"91,5","5,5","47,2","45,98",#N/A,"1,230","8,14","0,065",#N/A,"6,4","7,40",40,#N/A,"44,9",730000,250000,988620,995116,#N/A,"17,5","21,4"
1/04/2016,169,655,119,280,104,#N/A,"24,152","67,20","0,195",#N/A,"0,9","6,70",152,#N/A,"67,5","2,4",14000000,983825,1003383,2784,"19,5","21,7"
1/04/2016,182,727,115,262,104,"0,148","22,638","73,14","0,18",#N/A,"1,4","7,10",100,#N/A,"66,6","2,4",8700000,983434,1004027,26440,"19,4",19
1/04/2016,"96,4",373,"7,4",849,109,#N/A,"5,976","44,79","0,189",#N/A,"1,8","6,70","24,3",#N/A,"22,7",550000,240000,980745,1002407,932,"17,3","19,5"
1/04/2016,281,871,170,317,"171,2","0,134","42,214","57,44","0,288",#N/A,1,"7,2",176,#N/A,130,24000000,11000000,981609,999948,"339,1","18,6",#N/A
1/04/2016,343,864,74,106,"172,2",#N/A,"39,111","53,51","0,267",#N/A,1,"7,3",16,#N/A,"36,5",4900000,2100000,981384,939384,#N/A,"18,5",#N/A
1/04/2016,202,703,134,222,"102,9",#N/A,"35,088","65,09","0,246",#N/A,"0,6","7,1",104,#N/A,"55,5",14000000,4400000,998043,980665,32830,21,#N/A
1/04/2016,200,723,152,247,"100,4",#N/A,"30,287","73,9","0,306",#N/A,"0,9",7,168,#N/A,"46,3",13000000,5500000,994362,979913,31302,"20,1",#N/A
1/04/2016,202,702,108,188,"90,12","0,213","33,431","65,54","0,217",#N/A,4,"7,4",56,#N/A,"49,2",9200000,2700000,994255,978844,#N/A,"20,3",#N/A
1/04/2016,"69,7",310,"14,9","38,2","143,8",#N/A,"4,998","18,23","2,224",#N/A,"4,8","7,6","10,8",#N/A,"8,29",1400000,680000,1002523,969363,"4,3","23,5",#N/A
1/04/2016,68,374,#N/A,"11,3",217,#N/A,#N/A,"3,31","0,513",#N/A,"6,7","7,30",67,#N/A,"33,2",200000,200,1003348,965198,"72,4","23,9",#N/A
1/04/2016,"70,6",472,#N/A,"16,7",256,#N/A,3,"8,2","1,804",#N/A,"7,1","7,80","26,7",#N/A,"32,3",110000,7500,1003058,965198,1037,"24,9",#N/A
1/04/2016,"73,9",464,"2,8","12,9",273,#N/A,#N/A,"9,12","1,844",#N/A,"5,6","7,90","56,3",#N/A,"59,7",150000,2000,999640,958220,1287,"29,6",#N/A
1/04/2016,214,753,"97,3",217,"90,74","0,252","6,87","71,5","0,307",#N/A,"6,6","7,20",108,#N/A,"99,3",16000000,6100000,999446,957404,#N/A,"22,8",#N/A
1/04/2016,184,"6,48",82,159,112,#N/A,"22,655","51,1","0,186",#N/A,"4,1","7,6",152,#N/A,"81,5",13000000,5500000,984195,941105,39984,"22,9",#N/A
1/04/2016,227,950,110,266,291,#N/A,"30,442","63,2","0,237",#N/A,"1,1","7,4","83,3",#N/A,"65,2",96000000,31000000,983716,937353,"30,9","36,5",#N/A
1/04/2016,177,650,"78,7",199,126,#N/A,"26,896","51,8","0,182",#N/A,"4,7","7,5",216,#N/A,116,2000000,470000,980954,934238,#N/A,"25,7",#N/A
1/04/2016,145,387,"22,4",209,218,#N/A,"7,825","19,4","1,072",#N/A,"1,1","7,5",600,#N/A,1550,510000,52000,966127,920316,"107,916","24,8",#N/A
1/09/2017,#N/A,"12,3",#N/A,#N/A,92,#N/A,#N/A,#N/A,"0,68",#N/A,"9,77","6,87",#N/A,#N/A,"3,6",86,10,1069685,1056205,"162,5","11,8",#N/A
1/09/2017,"7,8","32,4",#N/A,#N/A,96,#N/A,#N/A,"5,32","0,437",#N/A,"9,56","7,14",#N/A,#N/A,"7,3",1,1,1063988,1053523,"322,1","13,3",#N/A
1/09/2017,"8,7","44,7","5,4",#N/A,56,#N/A,#N/A,"6,18","0,602",#N/A,"8,85","7,06",4,#N/A,"9,6",660,10,1068727,1052947,"257,5","14,9",#N/A
1/09/2017,"9,8","40,2","9,3","17,1",100,#N/A,"0,83","4,61","0,389",#N/A,"8,93","6,77","8,3",#N/A,"8,5","2,4",88000,1068727,1052947,"33,8","14,3",#N/A
1/09/2017,19,127,"9,1","18,7",80,#N/A,"0,856","24,14","0,539",#N/A,"6,38","7,55",6,#N/A,"25,3",17000,130,1066295,1051139,"690,6",15,#N/A
1/09/2017,"36,1",358,"32,7","33,5",64,#N/A,"4,347","73,73","0,383",#N/A,"2,25","7,32","17,5",#N/A,"7,1",120,10,1064117,1047880,"788,8","15,8",#N/A
1/09/2017,"7,5","20,1","2,7","24,9","7,3",#N/A,#N/A,#N/A,"0,538",#N/A,"6,01","6,78",#N/A,#N/A,"6,7","2,4",20000,1061562,1044697,"257,8","13,9","19,1"
1/09/2017,"41,3",313,"9,2",47,"31,08",#N/A,"4,207","58,24","0,548",#N/A,"2,89","7,27",11,#N/A,"13,8",280000,15000,1061576,1044142,"1010,1","14,3","18,6"
1/09/2017,231,730,"50,3",251,"68,21",#N/A,"24,365","22,96","1,4",#N/A,"6,94","8,26",158,#N/A,"35,8","2,4",3300,1043475,1061293,14,"19,9","21,2"
1/09/2017,"53,3",706,"40,4",127,"51,81",#N/A,"4,706",169,"0,459",#N/A,"2,36","7,19",36,#N/A,24,"2,4",43000,1060042,1041964,"1167,1","15,9","21,3"
1/09/2017,"38,2",306,6,"41,2","32,89",#N/A,"3,469","55,46","1,643",#N/A,"5,44","7,42","20,7",#N/A,"11,4",86000,4100,1056724,1041151,"1478,9","16,3","18,8"
1/09/2017,"6,8","25,8",#N/A,"16,4","54,87",#N/A,3,"3,22","0,55",#N/A,"6,27","7,40","7,3",#N/A,"9,5",2900,10,1055218,1039038,"3778,4","15,7","21,2"
1/09/2017,"7,1","25,3",#N/A,"10,9","8,87",#N/A,"1,570","3,03","0,685",#N/A,"7,94","7,09",#N/A,#N/A,"8,5",1,1,1056821,1035709,4379,"15,3",17
1/09/2017,"15,2",130,"2,5",#N/A,"18,95",#N/A,"1,261","22,59","1,534",#N/A,"6,32","6,73","16,7",#N/A,"12,9",3300,"1,0",1055462,1031393,"4996,3","15,3","17,1"
1/09/2017,173,716,201,479,132,#N/A,"11,472","80,89","1,046",#N/A,"7,30","8,51",170,#N/A,"13,9",12000,5000,1054880,1031145,11,19,"16,8"
1/09/2017,"20,8",153,"9,3","14,8","28,64",#N/A,"1,678","26,98","1,482",#N/A,"5,30","7,68",17,#N/A,"20,7",14000,200,1054908,1031064,3885,"15,6","16,8"
1/09/2017,"6,7","42,9",#N/A,#N/A,"13,67",#N/A,"0,789","4,80","2,748",#N/A,"6,50","7,02",6,#N/A,"25,8",350,10,1051218,1030230,7156,"17,8",20
1/09/2017,"11,1","88,7",#N/A,#N/A,"18,32",#N/A,"1,103","13,86","1,307",#N/A,"5,17","6,97",13,#N/A,"24,3",2300,100,1049171,1026555,#N/A,"17,1","19,5"
1/09/2017,"11,7","90,5",#N/A,#N/A,"19,41",#N/A,"0,910","13,63","1,345",#N/A,"5,35","6,88","45,3",#N/A,"41,7",1300,100,1049027,1025190,9805,"17,8",20
1/09/2017,327,1044,"33,8",197,120,#N/A,"39,479","92,61","0,898",#N/A,"1,1","7,75",60,#N/A,"63,2",36000,7500,1043839,1021962,"12,15","17,8",11
1/09/2017,13,"95,3","11,6","85,37",130,#N/A,"0,999","15,48","1,258",#N/A,"4,46","6,90",10,#N/A,"24,9",3000,"1,0",1043552,1021344,10297,"15,7","13,8"
1/09/2017,"12,6","93,8",11,26,160,#N/A,"1,196","14,58","1,226",#N/A,"4,45","7,87",101,#N/A,"48,3",25000,"1,0",1041499,1017904,10749,"17,9","22,5"
1/09/2017,308,"8,93",145,546,200,#N/A,"20,692","80,29","1,345",#N/A,"1,85","8,22",204,#N/A,"90,9",11000000,310000,1041102,1017565,7,"19,2","19,9"
1/09/2017,"13,5","96,3","12,6","16,6",140,#N/A,"0,961","13,75","1,071",#N/A,"4,80","7,02",34,#N/A,"28,4",31000,630,1041910,1014822,#N/A,"17,5","21,2"
1/09/2017,"19,1",105,"2,7","19,6",140,#N/A,3,"12,67","1,233",#N/A,"3,58","7,03",100,#N/A,26,65000,520,1041494,1012510,11126,"17,9",#N/A
1/09/2017,"13,5","79,8",#N/A,"17,9",84,"0,203",#N/A,"8,81","0,204",#N/A,"6,93","7,07",#N/A,#N/A,"4,1",1900,1,1059098,1012079,"2693,9",15,#N/A
1/09/2017,197,1442,13,"53,85",310,#N/A,"10,644","9,22","1,137",#N/A,"1,39","7,03",216,#N/A,"20,5",20000,220,1051251,1017573,"213,5","14,3",#N/A
1/09/2017,"12,8","75,5",#N/A,#N/A,76,#N/A,#N/A,182,"0,343",#N/A,"5,43","6,7","10,5",#N/A,"3,1",17,1,1051549,1016887,883,"15,3",#N/A
1/09/2017,"26,9",137,"3,7","16,9",100,#N/A,"1,466","14,46","0,888",#N/A,"3,12","6,72","18,5",#N/A,"15,4",11000,1,1045993,1012250,1386,"19,8",#N/A
1/09/2017,"34,5",161,"4,2","29,7",190,#N/A,"2,743","16,93","0,804",#N/A,"1,73","7,05",13,#N/A,"19,7","2,4",8200,1044017,1011724,#N/A,"16,8",#N/A
1/09/2017,345,961,205,425,300,#N/A,3,72,"1,123",#N/A,"0,79","7,85",192,#N/A,302,2100000,1100000,1033591,1006439,"78,35","17,5","10,6"
1/09/2017,"54,9",272,16,132,240,#N/A,"2,876","38,28","0,66",#N/A,"1,79","7,05",25,#N/A,"31,4",460000,26000,1035918,1007888,4267,"17,5","13,7"
1/09/2017,105,407,"41,2","76,27",210,#N/A,"3,991","43,51","2,013",#N/A,"2,81","6,91",29,#N/A,"61,2","2,4",770000,1019455,1013509,"714,7","16,7","17,2"
1/09/2017,98,306,"13,2",171,240,#N/A,"2,471","33,22","0,509",#N/A,"1,81","7,20","8,7",#N/A,29,240000,19000,1039036,1009301,1495,"19,1","18,4"
1/09/2017,230,1766,114,253,330,"0,208","33,545",385,"0,721",#N/A,"1,11","7,56",132,#N/A,"83,8","2,4",170000000,1044091,1010357,"248,2","18,4","19,1"
1/09/2017,"34,9",169,"16,8",72,210,#N/A,"2,422","16,9","0,868",#N/A,"3,64","7,01",16,#N/A,"27,1",240000,44000,1043692,1010441,#N/A,"17,9","19,2"
1/09/2017,76,230,18,"56,8",210,#N/A,"5,568","39,5","0,286",#N/A,"1,96","7,34",23,#N/A,"28,5",1100000,130000,1026531,999628,#N/A,"17,3","17,6"
1/09/2017,"86,1",475,"29,4","64,5",260,#N/A,"6,176","86,86","0,271",#N/A,"0,64","7,18",18,#N/A,"31,6",2400000,490000,1022443,997939,5947,17,"16,7"
1/09/2017,470,1321,435,875,290,"0,378","64,796","19,92","1,307",#N/A,"0,42","7,83",296,#N/A,244,29000000,14000000,1022243,997948,#N/A,"18,8","16,8"
1/09/2017,110,657,"13,4","46,5",340,#N/A,"2,222","91,38","1,723",#N/A,"3,84","6,83","5,5",#N/A,"7,5",20000,400,1018248,994552,#N/A,"15,1","17,7"
1/09/2017,"87,2",456,28,"64,2",260,#N/A,"6,119","74,89","0,52",#N/A,"1,24","7,01",31,#N/A,"31,1","2,4",920000,1017121,994642,#N/A,"17,2","14,7"
1/09/2017,"12,6","36,6",#N/A,#N/A,26,"0,246",#N/A,#N/A,#N/A,#N/A,"6,68","7,67",#N/A,#N/A,"1,2",120,10,997149,1000280,"325,5","11,7","16,7"
1/09/2017,215,781,164,2,100,"0,208","32,69","79,41","0,39",#N/A,"0,37","7,09",80,#N/A,"62,3",11000000,6100000,1005879,991608,#N/A,"20,2","20,9"
1/09/2017,303,1089,167,2,120,"0,287","48,45",106,"0,591",#N/A,"0,25","7,63",185,#N/A,106,"2,4",17000000,1007496,991608,5212,"19,7","16,9"
1/09/2017,215,767,129,302,120,#N/A,"34,80","77,49","0,411",#N/A,"0,38","7,15",50,#N/A,"36,4",6900,3100,1007794,990777,11011,"19,8","20,9"
1/09/2017,196,737,123,253,110,"0,259","32,94","73,21","0,6",#N/A,"0,52","7,15",56,#N/A,"44,5",17000,8200,1007407,990545,16223,"19,5",22
1/09/2017,214,786,148,250,130,"0,335","35,78","76,59","0,35",#N/A,"0,50","7,18",62,#N/A,"44,3",20000,5500,1011064,989518,12254,"19,2","20,5"
1/10/2017,245,843,193,341,130,#N/A,"41,335","14,73","0,64",#N/A,"0,30","6,95",22,#N/A,"75,8",9200000,4400000,1003660,984472,17462,"19,8","20,4"
1/10/2017,"12,7",44,#N/A,13,110,#N/A,#N/A,5,"1,001",#N/A,"6,79","7,70",5,#N/A,"11,7",3700,1,988620,995116,45,"14,3","19,1"
1/10/2017,328,1015,266,615,140,#N/A,"48,422","30,74","0,898",#N/A,"0,17","7,57",247,#N/A,147,"2,4",13000000,983434,1004027,21612,"20,5","23,1"
1/10/2017,131,432,"37,8",129,160,#N/A,"13,120","32,01","0,511",#N/A,"0,15","6,66",50,#N/A,"45,4",2000000,710000,980745,1002407,"1311,9","18,3","21,7"
1/10/2017,238,826,177,291,140,#N/A,"34,721","31,87","0,653",#N/A,"0,79","6,76",66,#N/A,"87,2",24000000,5800000,1001905,980700,#N/A,"18,9","17,5"
1/10/2017,130,543,"67,8",351,240,#N/A,"12,239","53,15","2,419",#N/A,"1,86","7,33",2240,#N/A,495,11000000,1900000,981609,999948,362,"17,6",#N/A
1/10/2017,293,828,"47,8",189,120,#N/A,"38,426","54,29","0,81",#N/A,"0,75","7,49",18,#N/A,"60,6",5200000,1600000,981384,939384,#N/A,"15,7",#N/A
1/10/2017,242,816,158,351,180,#N/A,3,"52,70","0,834",#N/A,"0,38","7,08",208,#N/A,101,17000000,7300000,998043,980665,46634,"18,8",#N/A
1/10/2017,252,866,162,295,170,#N/A,"37,632","82,95","0,637",#N/A,"0,34","6,99",108,#N/A,"94,1",17000000,4600000,994362,979918,"66,397","19,1",#N/A
1/10/2017,245,822,103,313,170,#N/A,"34,075","73,40","0,862",#N/A,"3,85","7,51",52,#N/A,"82,6",17000000,6500000,994255,978844,#N/A,"19,1",#N/A
1/10/2017,332,851,324,810,230,#N/A,"56,24","98,12","0,811",#N/A,"4,7","8,12",795,#N/A,210,65000000,52000000,1002330,969451,"0,45","22,6",#N/A
1/10/2017,"34,5",160,"2,8","14,7",100,#N/A,"1,26","5,54","1,606",#N/A,"6,6","7,84","9,5",#N/A,"21,1",520,1,999181,957194,448,"22,4",#N/A
1/10/2017,247,773,"61,6",214,200,#N/A,"34,64","69,50","0,496",#N/A,"5,6","7,41",66,#N/A,"99,9",400000,86000,999446,957404,#N/A,"21,4",#N/A
1/10/2017,229,762,"59,4",245,230,#N/A,"31,45","48,44","0,555",#N/A,"6,3","7,44",76,#N/A,"90,8",2900000,1300000,999153,957137,#N/A,"22,3",#N/A
1/10/2017,193,720,"46,4",216,220,#N/A,26,"61,94","0,442",#N/A,"5,5","7,76",272,#N/A,"92,1",5200000,3300000,999640,958220,#N/A,"22,6",#N/A
1/10/2017,"33,4",149,#N/A,"41,9",88,#N/A,#N/A,"3,95","0,83",#N/A,"6,1","8,04",54,#N/A,45,65000,1000,1003348,965198,"78,6","19,9",#N/A
1/10/2017,184,679,"31,2",154,230,#N/A,"24,15","58,92","1,884",#N/A,"6,5","8,41",75,#N/A,115,12000000,4400000,1003058,965198,"671,2","22,3",#N/A
1/10/2017,"18,6",768,"26,4","93,8",320,#N/A,"13,53","37,24","1,955",#N/A,"2,65","7,65",15,#N/A,"34,1",140000,75000,993521,948381,"27,4","24,6","24,2"
1/10/2017,"68,7",287,"17,4",155,250,#N/A,#N/A,"24,97","0,996",#N/A,"6,18","7,95",530,#N/A,622,770000,9600,988679,948308,"235,3","25,4","26,6"
1/10/2017,179,647,"29,6",184,250,#N/A,"26,24","60,23","0,853",#N/A,"5,47","7,88",76,#N/A,71,12000000,1900000,990147,945547,27074,"21,7","29,2"
1/10/2017,83,649,"3,9",148,450,#N/A,#N/A,#N/A,"1,447",#N/A,"6,58","8,21",1272,#N/A,380,41000,1,991179,942835,#N/A,"24,4","30,1"
1/10/2017,172,631,"36,6",179,200,#N/A,"21,28","55,75","0,795",#N/A,"5,51","7,92",94,#N/A,"60,3",5200000,1400000,984195,941105,30488,"22,2","29,9"
1/10/2017,340,1184,30,437,240,#N/A,"45,99",217,"0,653",#N/A,"1,05","7,79",128,#N/A,119,21000000,3700000,983505,937994,#N/A,"30,2","29,4"
1/10/2017,165,628,"26,5",152,220,#N/A,"21,42","56,16","0,975",#N/A,"4,88","7,66",146,#N/A,164,7700000,1600000,983132,936450,#N/A,"23,1","29,6"
1/10/2017,106,641,"48,2",203,220,#N/A,"21,83","51,30","0,822",#N/A,"0,40","7,77",456,#N/A,324,"2,4",1100000,966275,920791,#N/A,24,"34,5"
11/01/2018,"8,8","19,2",#N/A,"16,4",20,#N/A,#N/A,#N/A,"0,066",#N/A,"5,26","6,77",4,#N/A,3,"2,4","1,6",1069685,1056205,"56,1","12,3",#N/A
12/01/2018,"10,3","37,1",#N/A,#N/A,10,#N/A,#N/A,"4,44","0,193",#N/A,"5,33","6,84","8,8",#N/A,"7,8","2,4","1,6",1063988,1053523,"114,4","13,8",#N/A
13/01/2018,"18,2","65,8","17,4","23,2",13,#N/A,"1,368","6,38","0,247",#N/A,"4,16","6,99",18,#N/A,"13,1","6,9","2,6",1068706,1053282,"111,7","14,1",#N/A
14/01/2018,9,"29,3",#N/A,#N/A,"6,7",#N/A,"1,488",#N/A,"0,245",#N/A,"5,41","7,02","14,7",#N/A,"5,3","5,2","7,1",1068727,1052947,"110,3","14,4",#N/A
15/01/2018,57,336,"43,4",108,46,#N/A,"5,361","68,05","0,128",#N/A,"2,82","9,38","20,7",#N/A,"19,9","2,4","1,7",1066295,1031139,"307,3","14,4",#N/A
16/01/2018,"62,9",281,"14,5",#N/A,46,#N/A,"5,119","42,09","0,146",#N/A,"1,81","7,77",20,#N/A,"9,9",2,"2,4",1064117,1047880,"268,2","17,1",#N/A
5/01/2018,"14,7","38,4","2,8","71,8",20,#N/A,"1,265","3,71","0,144",#N/A,"3,15","7,26",8,#N/A,"12,1",4,"9,7",1061562,1044697,"48,40","15,9",#N/A
6/01/2018,"62,1",397,"27,2",104,60,#N/A,"5,768","75,58","0,259",#N/A,"1,57","7,68",16,#N/A,"9,4","7,5","3,1",1061576,1044142,"376,80","15,1",#N/A
7/01/2018,325,840,"74,2",329,70,#N/A,"32,981","13,51","0,720",#N/A,"3,05","8,97",170,"0,94",136,"8,2","4,1",1043475,1061293,17,"19,5",#N/A
8/01/2018,"74,5",862,21,109,52,#N/A,"8,908","45,64","0,201",#N/A,"1,37","7,78","22,5",#N/A,"15,3","4,6","9,8",1060042,1041964,"385,6","15,8",#N/A
9/01/2018,"59,4",332,"9,2",#N/A,40,#N/A,"6,293","41,52",#N/A,#N/A,"1,81","8,06",13,#N/A,"14,8","4,1",2,1056724,1041151,"539,7",17,#N/A
10/01/2018,"9,7","55,8",#N/A,122,20,#N/A,"4,512",#N/A,#N/A,#N/A,"5,12","7,18","10,8",#N/A,"8,8","6,3",1,1055218,1039038,"4889,9","16,4",#N/A
1/01/2018,"9,8","70,6",#N/A,#N/A,20,#N/A,#N/A,#N/A,"0,886",#N/A,"5,25","7,17",16,#N/A,"28,9","1,2",1,1049027,1025190,7532,"16,5",#N/A
1/01/2018,288,1025,"38,4",233,100,#N/A,"37,262",#N/A,"0,681",#N/A,"1,70","7,79",65,"0,63",76,"1,6",2,1043839,1021962,"12,15","17,8",#N/A
2/01/2018,"18,9","99,9","6,1",#N/A,20,#N/A,"1,832",#N/A,"0,910",#N/A,"4,23","7,06",20,#N/A,"35,8","9,2","1,3",1043552,1021344,10078,"16,7",#N/A
1/01/2018,"13,1","84,5","3,5",#N/A,22,#N/A,"0,784",#N/A,"0,990",#N/A,"4,22","6,73",28,#N/A,"34,6","3,8","3,1",1041499,1017904,8952,"16,7",#N/A
2/01/2018,163,544,62,261,52,#N/A,"15,912",#N/A,"0,972",#N/A,"5,3","8,44",113,"1,67","91,9","1,3","2,6",1041102,1017565,14,18,#N/A
23/05/2018,#N/A,"7,5",2,"15,7","4,22",#N/A,#N/A,#N/A,#N/A,#N/A,"8,84","7,55",#N/A,"0,23","3,1","7,5",1,1069685,1056205,"1091,7","11,9",#N/A
25/05/2018,"9,2","66,4","3,5","30,3","15,17",#N/A,#N/A,"11,02","0,25",#N/A,"6,88","6,64",16,"0,10","14,7",5,"2,2",1068412,1053084,2360,"14,3",#N/A
26/05/2018,"7,7","31,6",8,"30,3","6,39",#N/A,#N/A,"3,36","0,20",#N/A,"7,40","7,84","14,7","0,11","13,6","2,4",2,1068366,1053042,"705,1","12,5",#N/A
27/05/2018,"10,8","72,6","3,4",#N/A,"13,63",#N/A,#N/A,"12,51",#N/A,#N/A,"6,49","7,45","28,7",#N/A,"20,4",2,"6,5",1066295,1051139,"3628,8","13,8","16,8"
28/05/2018,"19,4","147,4","6,4","44,4","23,27",#N/A,"0,940","25,51",#N/A,#N/A,"5,24","7,51","24,7","0,21","17,2","1,6","6,1",1064117,1047880,"4095,6","14,5","17,2"
29/05/2018,"18,4","109,3","2,8","22,1","21,11",#N/A,#N/A,"16,55","0,41",#N/A,"4,44","6,95","11,3","0,13","19,3",7,"3,8",1060042,1041964,4430,"13,8","16,2"
30/05/2018,"21,9",200,"3,9","52,2","31,23",#N/A,"2,943","27,74","0,23",#N/A,"4,14","7,20","16,7","0,14","16,7","6,5","1,6",1056724,1041151,4323,"14,1","15,9"
31/05/2018,"6,1","23,6",#N/A,"13,7","7,02",#N/A,#N/A,"2,74","0,31",#N/A,"6,33","6,98","8,5",#N/A,"42,2","8,5",1,1055218,1039038,1238,"15,5","13,2"
16/05/2018,"27,7","122,6","8,2","60,6","32,67",#N/A,"0,804","18,50",#N/A,#N/A,"4,47","7,04",115,"0,26","98,9","3,1","8,6",1056821,1035709,7177,"14,4",17
17/05/2018,"16,7","170,9",10,"65,2","40,40",#N/A,"0,921","28,83",#N/A,#N/A,"5,45","7,21",146,"0,18",113,"7,4","1,5",1055462,1031393,4549,"14,6",20
18/05/2018,"18,6","157,8","6,2","42,8","33,32",#N/A,#N/A,"26,82",#N/A,#N/A,"6,10","7,32","50,7","0,21","66,2","1,5",3,1054880,1031145,"4,4",16,"17,8"
19/05/2018,"19,4",160,"10,4",62,"38,43",#N/A,"0,971","27,67",#N/A,#N/A,"4,96","7,11",110,"0,28",108,1,"1,4",1054908,1031064,5948,"14,6","16,2"
20/05/2018,"12,4",65,#N/A,"37,1","35,84",#N/A,#N/A,"8,41",#N/A,#N/A,"4,9","6,77","24,5","0,20","23,2","4,1","4,6",1051218,1030230,109,"17,5","20,7"
21/05/2018,14,102,"7,2","43,8","27,24",#N/A,"0,866","14,65",#N/A,#N/A,"4,3","6,84",84,"0,22","82,4","2,4","1,1",1049171,1026555,#N/A,"15,8","18,8"
1/05/2018,239,749,"7,4",#N/A,"95,34",#N/A,"25,54","66,64",#N/A,#N/A,"1,37","7,91",46,"0,37",#N/A,"4,1",1,1043839,1021962,"14,26","15,6","16,8"
3/05/2018,"22,1","129,5","7,4","38,2","33,01",#N/A,#N/A,"18,08","0,83",#N/A,"3,75","6,68",63,#N/A,#N/A,"2,1","6,2",1043552,1021344,6962,"17,6","16,7"
4/05/2018,"28,5","177,4","9,8","39,8","41,78","0,414","0,907","25,23","0,75",#N/A,"2,75","6,74",64,"0,48",#N/A,"6,4","9,6",1041499,1017904,6966,"15,5","18,1"
2/05/2018,231,769,215,356,127,"0,205","24,45","68,61",#N/A,#N/A,"1,93","7,02",216,"4,04",#N/A,"8,2","1,6",1041102,1017565,18,19,"19,7"
5/05/2018,"29,7",170,8,"3,3","37,80",#N/A,"1,037","23,43","0,76",#N/A,"2,44","6,82",60,"0,20",#N/A,"2,1","2,7",1041910,1014822,#N/A,"15,8","17,6"
6/05/2018,17,340,"4,4",#N/A,"63,68",#N/A,#N/A,"18,01",#N/A,#N/A,"6,8","6,43",12,"0,20",#N/A,"7,8",1,1042121,1014775,#N/A,"18,7",19
7/05/2018,"29,3","121,4","6,6",#N/A,"27,65",#N/A,"0,962","14,81","0,60",#N/A,"6,2","6,60",19,"0,72","28,4","3,8","6,3",1041494,1012510,7524,"16,4","17,9"
8/05/2018,"11,6","62,1",7,#N/A,"20,29",#N/A,#N/A,"8,70","0,42",#N/A,"10,7","7,35",12,"0,47","16,8","8,1","1,5",1059098,1012079,"535,3","14,5","17,4"
9/05/2018,"92,5",602,5,110,"162,79",#N/A,"2,050","85,55",#N/A,#N/A,"5,7","6,44",19,"0,58","41,60","9,6",1,1051251,1017573,859,16,"16,6"
10/05/2018,"20,3","84,5",#N/A,"40,8","27,27",#N/A,#N/A,"10,29","0,35",#N/A,"10,4","6,53",10,"0,48","5,5","3,4","3,1",1051549,1016887,#N/A,"15,8","16,3"
11/05/2018,"21,1","111,3","5,6",#N/A,"28,39",#N/A,"0,914","15,70","0,21",#N/A,"8,7","6,80",87,"0,66",100,"7,7","1,3",1012250,1045993,3085,"14,9","19,6"
12/05/2018,"37,4","192,2","4,8",41,"47,61",#N/A,"1,667","25,67","0,56",#N/A,"6,3","6,69",22,"0,77","38,2","7,5","2,2",1044017,1011724,#N/A,"16,3","16,2"
19/05/2018,"66,5",280,"11,8","78,7","81,90",#N/A,"1,063","38,79",#N/A,#N/A,"1,5","6,46",384,#N/A,"48,9","4,7",4,1044901,1010357,"438,7","17,1","16,6"
20/05/2018,"44,8",262,"9,4",39,"52,35",#N/A,"2,449","37,47","0,69",#N/A,"2,3","6,88",61,"0,35","34,6","6,9","1,6",1043682,1010441,#N/A,"18,2","17,7"
21/05/2018,"32,2",133,"3,4","22,3","45,49",#N/A,#N/A,"10,74","0,47",#N/A,"3,5","6,68",51,"0,27","49,9","4,5","6,3",1019455,1013509,2375,"16,3","17,8"
22/05/2018,"39,2",171,"9,6",#N/A,"81,90","0,239","0,978","15,19","0,51",#N/A,"3,6","6,78",41,"0,18","35,8",1,"7,7",1039036,1009301,4619,"16,7",#N/A
23/05/2018,"58,7",327,"9,6",#N/A,"52,35","0,517","2,692","53,49",#N/A,#N/A,"2,6","6,96",41,"0,38","48,3",1,"6,5",1035918,1007888,17059,"17,7",#N/A
24/05/2018,228,691,124,128,"45,49",#N/A,"18,836","17,02",#N/A,#N/A,"1,4","7,47",156,"3,97",103,"1,6","2,9",1033660,1006459,"84,96","17,7","17,1"
7/01/2018,197,2080,46,192,"127,39",#N/A,"20,144",533,#N/A,#N/A,"0,39","7,71",190,"0,86","53,3","3,3",7,1044091,1010357,229,"16,5","18,9"
8/01/2018,"55,1",418,"6,6",#N/A,"44,68",#N/A,"3,460","85,60",#N/A,#N/A,"0,99","7,32","32,9",#N/A,"34,8","4,1",6,1043692,1010441,#N/A,"17,3","16,8"
9/01/2018,"22,9","147,8",#N/A,#N/A,"34,01",#N/A,#N/A,"19,28",#N/A,#N/A,"5,71","7,87",#N/A,#N/A,"10,9","2,1","5,2",1019455,1013509,"198,7","15,2","15,7"
1/05/2018,"45,4",210,"17,2","63,3","42,49","0,499","3,770",20,#N/A,#N/A,"1,9","6,47",26,"0,78","28,6","2,4","1,3",1028309,1000940,2410,"16,6",#N/A
2/05/2018,74,375,8,"57,3","61,93","0,369","3,860","60,15",#N/A,#N/A,"0,8","7,05","23,5","0,74","19,2","8,7","3,1",1025751,1000784,14025,"16,9",#N/A
3/05/2018,"61,7",307,"3,9","44,8","52,11",#N/A,"2,354","47,44",#N/A,#N/A,"1,1","7,01","13,5","0,36","17,8","1,3","2,1",1029572,1005306,11767,"18,1",#N/A
4/05/2018,285,793,"54,2",190,"122,28",#N/A,#N/A,"69,08",#N/A,#N/A,"0,6","7,69",44,"2,68","34,7","2,4","1,4",1029206,1004241,"88,4","18,6",#N/A
5/05/2018,"75,2",330,"7,6",52,"54,76","0,319","4,246","47,46",#N/A,#N/A,"0,9","7,15",17,"0,70","19,5","2,4","1,2",1028187,1004022,#N/A,"17,8",#N/A
6/05/2018,"14,4",86,"4,8","37,3","26,32","0,229",#N/A,"10,24","0,40",#N/A,"4,9","6,97",13,#N/A,"13,1","1,6","2,1",1036471,1001016,"21,47","14,4",#N/A
10/01/2018,"93,1",312,13,125,"45,65",#N/A,"1,953","32,89",#N/A,#N/A,"1,89","7,35","24,3",#N/A,"26,9","2,4","1,5",1039036,1009307,1126,"17,2","16,6"
13/05/2018,"54,5",265,"4,9","45,2","56,58",#N/A,"3,152","36,61","0,22",#N/A,"1,57","7,29",14,"0,44","17,2","2,4","1,1",1026336,999393,#N/A,"16,6","21,1"
14/05/2018,"62,9",294,"7,1","42,9","61,49",#N/A,#N/A,"43,15",#N/A,#N/A,"0,56","7,38",10,"0,52","17,3","2,4","7,3",1022443,999739,16075,"17,3","18,3"
16/05/2018,259,822,170,418,149,#N/A,"38,713","61,88",#N/A,#N/A,"3,19","7,68",132,"5,90",121,"1,4",2,1022448,997913,#N/A,"18,7",18
15/05/2018,110,560,"3,6",77,"147,64",#N/A,#N/A,"69,96",#N/A,#N/A,"0,69","7,06",10,"2,58","25,9","1,5",1,1018248,994552,609,"16,5","20,1"
17/05/2018,82,405,"8,9",55,"85,53","0,315",#N/A,"59,70",#N/A,#N/A,"0,93","7,05",25,"0,44","23,5","2,4","2,4",1017121,994642,#N/A,"16,8","20,3"
18/05/2018,#N/A,"19,2",#N/A,"14,7","6,16","0,738",#N/A,#N/A,#N/A,#N/A,"8,23","6,28",#N/A,"0,52","1,9","1,2","1,1",1003042,1002123,"44,4","10,4","10,7"
11/01/2018,"57,4",474,3,118,"44,17",#N/A,"3,195",102,#N/A,#N/A,"1,07","7,37",14,#N/A,30,"3,3","3,7",1035918,1007888,5634,"17,5","19,7"
12/01/2018,256,749,"88,4",326,"91,62",#N/A,"25,556","58,40",#N/A,#N/A,"1,86","7,88",140,"2,92",136,"5,2","1,1",1033591,1006439,"84,7","17,7","18,5"
13/01/2018,71,339,"10,8","63,2","34,94",#N/A,"4,769","53,28",#N/A,#N/A,"1,61","7,65",28,"0,91","18,7","1,7","3,9",1025751,1000784,6084,"17,4","15,1"
11/05/2018,191,577,136,252,"73,70","0,303","30,96","38,66",#N/A,#N/A,"0,23","7,19",132,"6,01","67,7","2,4","6,9",1015910,994756,"25,50","17,4","19,7"
12/05/2018,172,529,137,386,"73,44",#N/A,"26,53","38,99",#N/A,#N/A,"0,80","7,22",268,"2,68","6,7","5,2","9,6",1015587,994602,"48,20","17,9","17,4"
13/05/2018,128,493,"74,6",163,"74,84","0,347","13,65","45,21",#N/A,#N/A,"1,69","7,48",98,"3,52","37,4","4,4",7,1014640,994485,"24,91","16,9","16,8"
14/05/2018,"94,3",234,"7,2",#N/A,"75,93","0,241","3,27","13,74",#N/A,#N/A,"0,89","6,78",#N/A,"0,35","4,8","1,3",1,1014447,992366,"226,50",15,"16,4"
15/05/2018,133,503,"51,4",125,"74,95","0,254","16,97","53,33",#N/A,#N/A,"0,43","7,14",39,"3,65","36,7","1,9","5,6",1013679,990724,#N/A,"17,3","16,5"
14/01/2018,"60,9",217,"26,4","81,29","34,33","0,341","7,812","19,34",#N/A,#N/A,"1,41","7,54",18,"0,54","28,7","7,1","1,6",1036906,1000833,957,"14,8",15
15/01/2018,"70,2",411,"13,6","77,56","62,86",#N/A,"4,691","75,85",#N/A,#N/A,"2,26","7,36",43,"0,51","47,9","5,7","6,3",1029572,1005306,5383,"19,8","19,2"
7/05/2018,"94,3",410,"27,8",116,"81,85",#N/A,"8,64","43,09",#N/A,#N/A,"0,34","7,05",39,"2,10","42,3","7,3","2,1",1011064,989518,"27,64","16,9","17,7"
8/05/2018,131,439,44,113,"5,76",#N/A,#N/A,"37,72",#N/A,#N/A,"6,65","7,14",48,"2,58","39,5","1,6","5,1",1007794,990777,"29,11","17,1",18
16/01/2018,312,775,"89,6",255,"112,78","0,414","34,864","60,92",#N/A,#N/A,"0,83","8,26",22,"3,62","37,9","2,1","1,1",1029206,1004241,"107,9","18,5","16,1"
9/05/2018,146,597,"56,8",218,"62,69",#N/A,"19,93","70,88",#N/A,#N/A,"0,80","7,63",98,"2,19","37,9","2,5","2,7",1007496,991608,"46,22","15,9",19
10/05/2018,122,437,"57,2",132,"73,80",#N/A,"14,89","38,74",#N/A,#N/A,"0,29","7,12",71,"1,83","45,6","1,1","2,7",1007407,990545,"33,74","17,3","19,1"
17/01/2018,"97,2",458,"20,1",104,"72,92",#N/A,"7,470","72,91",#N/A,#N/A,"1,82","7,69",11,"1,73","28,4","9,8","1,8",1028187,1004022,#N/A,"18,2","19,5"
18/01/2018,"13,7","67,7",#N/A,#N/A,"26,35",#N/A,#N/A,"8,49",#N/A,#N/A,"6,30","6,89",13,"0,72","17,2","4,6","8,6",1027146,999725,740,"13,6","14,6"
7/01/2018,"61,4",290,"9,6",105,"38,08",#N/A,"4,49","39,58",#N/A,#N/A,"1,8","6,95",22,#N/A,"16,6","1,6","2,5",1026531,999628,#N/A,"16,3",#N/A
8/01/2018,"62,5",326,12,#N/A,"42,98",#N/A,"4,83","47,09",#N/A,#N/A,"2,1","7,36",28,"0,41",23,2,"5,2",1022443,997939,7067,"15,8",#N/A
9/01/2018,307,984,183,518,"123,34","0,23","53,69","65,50",#N/A,#N/A,"1,7","7,54",160,"3,87",116,"6,9","2,6",1022243,997948,#N/A,"18,8",#N/A
10/01/2018,"81,8",395,"12,6",518,"62,35",#N/A,"5,99","56,09",#N/A,#N/A,"1,4","7,35",32,"1,77","27,5",2,"3,9",1018248,994552,#N/A,"17,5",#N/A
11/01/2018,"78,4",384,"8,6",#N/A,"60,11",#N/A,"5,80","54,55",#N/A,#N/A,"1,6","7,32",11,"0,97","19,9","2,4","6,1",1017121,994642,#N/A,"17,3",#N/A
19/01/2018,#N/A,"21,7",#N/A,#N/A,"8,57",#N/A,#N/A,"0,61",#N/A,#N/A,"6,60","7,13",#N/A,#N/A,"3,2","3,1",1,1003042,1002123,"14,7","9,9",#N/A
20/01/2018,230,747,182,354,"77,32",#N/A,"40,675","53,50",#N/A,#N/A,"0,48","7,39","86,7","3,1","84,1","4,6","9,6",1015910,994756,2128,"15,7",#N/A
21/01/2018,244,944,148,416,"81,51",#N/A,"47,668","86,12",#N/A,#N/A,"4,17","7,34","73,3","6,09","94,3",1,"1,9",1015587,994602,5000,"18,5",#N/A
22/01/2018,123,504,61,156,"59,75",#N/A,"19,177","56,95",#N/A,#N/A,"1,08","7,26",48,"2,14","51,6","2,1","6,3",1014640,994485,13979,"16,9",#N/A
23/01/2018,"86,9",185,"3,4",#N/A,"77,98",#N/A,"1,494","12,83",#N/A,#N/A,"1,99","8,48",#N/A,#N/A,"5,8","7,8","6,3",1014447,992366,406,14,#N/A
24/01/2018,125,579,"50,2",140,"64,72",#N/A,"17,443","57,47",#N/A,#N/A,"0,90","7,48",56,"1,93","54,6","1,9","5,1",1013679,990724,14551,"17,4",#N/A
1/01/2018,156,559,76,358,"198,87",#N/A,"21,81","53,73",#N/A,#N/A,"0,7","7,23",1700,"2,13",121,"1,2","5,3",1011064,989618,11721,"20,9",#N/A
2/01/2018,172,651,80,206,"69,19",#N/A,"31,42","62,01",#N/A,#N/A,"0,9","7,50",36,"2,44","35,7","3,6",1,1007794,990777,11424,"19,2",#N/A
3/01/2018,"23,7","77,3","2,3",#N/A,"24,17",#N/A,"1,96","3,59",#N/A,#N/A,"6,2","7,52",13,#N/A,"4,7","2,4","1,7",997149,1000280,265,"10,2",#N/A
5/01/2018,157,582,80,213,"63,22",#N/A,"25,04","53,77",#N/A,#N/A,"0,9",41,50,"2,12",41,"1,2","6,5",1007407,990545,17863,"18,5",#N/A
6/01/2018,162,607,89,326,"66,33",#N/A,"23,94","67,40",#N/A,#N/A,"0,9","84,8",76,"2,87","84,8","2,4","5,9",1005879,988415,#N/A,"17,8",#N/A
25/01/2018,233,750,149,276,77,#N/A,"36,48","69,28",#N/A,#N/A,"0,5","7,18",104,"2,72","70,7","3,3","9,3",1003660,984472,15578,"17,4",#N/A
26/01/2018,323,1139,271,316,147,#N/A,"49,41",108,#N/A,#N/A,"0,5","7,29",348,"5,06",186,"4,6","1,2",983825,1003383,5256,"16,3",#N/A
27/01/2018,252,880,284,671,"96,4",#N/A,"42,13","79,58",#N/A,#N/A,"0,3","7,21",547,"3,70",194,"3,7","1,2",983434,1004027,20834,"17,1",#N/A
28/01/2018,176,535,46,111,102,#N/A,"17,90","41,69",#N/A,#N/A,"0,3","7,12",25,"1,67","87,3","7,7","1,6",980745,1002407,406,"14,8",#N/A
29/01/2018,229,778,160,345,"79,6",#N/A,"37,76","69,40",#N/A,#N/A,"0,4","7,15",136,"3,55","67,3","3,3",1,1001905,980700,#N/A,"18,4",#N/A
30/01/2018,131,760,"6,7",#N/A,170,#N/A,"7,64","75,23",#N/A,#N/A,"0,4","7,39",10,#N/A,"7,9","7,4",1,981609,999948,291,"19,2",#N/A
31/01/2018,"16,4","87,2","3,3",#N/A,"0,073",#N/A,"1,57","10,09",#N/A,#N/A,"6,5",18,17,#N/A,"18,1","1,6","5,5",928620,995116,#N/A,"15,4",#N/A
1/01/2018,323,916,213,499,"0,40",#N/A,"53,85","57,90",#N/A,#N/A,"0,4",183,180,"3,13",183,"3,3","1,2",981384,939384,#N/A,"18,1",#N/A
2/01/2018,256,844,184,425,"0,49",#N/A,"37,63","77,23",#N/A,#N/A,1,128,88,"4,28",128,"5,5","1,2",980665,998043,#N/A,18,#N/A
3/01/2018,274,925,181,454,"0,49",#N/A,"39,46","83,75",#N/A,#N/A,1,"7,9",244,"4,39","64,5","2,5","7,8",994362,979913,#N/A,"15,7",#N/A
12/01/2018,256,512,307,635,134,#N/A,"31,99","28,21",#N/A,#N/A,"4,1","7,95",275,"6,03",192,"1,6",2,1002830,969451,"0,78",23,#N/A
13/01/2018,"35,5",155,"2,5",#N/A,103,#N/A,#N/A,"2,22",#N/A,#N/A,"7,3","7,74",4,#N/A,"4,6","2,4","4,4",1003348,969451,"257,3","17,6",#N/A
14/01/2018,"72,5",456,"6,6",#N/A,209,#N/A,"2,29","20,95",#N/A,#N/A,"7,2","8,12","21,7",#N/A,"21,6","2,4","2,6",1003058,965198,922,"21,8",#N/A
16/01/2018,249,846,116,259,114,#N/A,"34,88","73,1",#N/A,#N/A,"4,8","7,54","13,3","3,62","95,7","2,4","5,8",999448,957404,#N/A,"20,6",#N/A
17/01/2018,51,265,"6,4",#N/A,148,#N/A,"2,43","10,11",#N/A,#N/A,"7,1","7,64",#N/A,#N/A,"5,3","2,4",2,999181,957194,141,"23,1",#N/A
1/01/2018,343,1154,61,227,194,#N/A,"37,21","65,75",#N/A,#N/A,"2,8",789,110,"3,10","90,6","1,3","6,2",993329,948416,16,"25,1",#N/A
2/01/2018,"71,7",367,6,#N/A,141,#N/A,#N/A,"2,25",#N/A,#N/A,"6,5","7,88",#N/A,#N/A,"4,4","2,4","4,1",988679,948308,3038,"24,3",#N/A
3/01/2018,239,838,"75,8",287,69,#N/A,"34,29","73,36",#N/A,#N/A,"4,6","7,86",96,"2,33","60,8","1,6","7,7",990147,945547,32153,"21,7",#N/A
4/01/2018,126,962,"5,4","40,6",444,#N/A,#N/A,"7,05",#N/A,#N/A,"5,60","8,59",48,#N/A,"37,1","8,8","8,6",991179,942835,2582,26,#N/A
1/02/2018,198,754,27,119,196,#N/A,"27,82","58,59",#N/A,#N/A,"3,96","7,95",52,#N/A,"23,9","1,6","4,6",984195,941105,32006,"23,8",#N/A
2/02/2018,339,1149,265,623,373,#N/A,"45,88","63,55",#N/A,#N/A,"0,08","7,66","62,5","4,31",128,"1,1","3,9",983505,937394,#N/A,"29,8","32,6"
3/02/2018,201,762,23,122,193,#N/A,30,"61,06",#N/A,#N/A,"1,54","7,65",86,"0,52","39,3","9,6","2,3",983132,936450,#N/A,"22,3","30,1"
4/02/2018,241,841,"32,2",120,189,#N/A,"33,65","65,36",#N/A,#N/A,"0,53","7,60","38,7","0,65","26,8","5,3","1,8",966275,920791,42791,"24,4","30,4"
1/04/2019,150,437,"76,0",168,"73,84","0,214","16,711","30,92",#N/A,"1,47",#N/A,"7,4","52,00","1,26","56,3","6,5","1,3",1015907,994750,11602,"18,3","20,5"
1/04/2019,195,821,102,199,"146,80",#N/A,"27,104","69,58",#N/A,"0,76","3,3","7,4","51,52","2,27","44,8","2,4","1,7",1015624,994611,2310,"19,5","20,5"
1/04/2019,125,572,"35,4",168,"128,27",#N/A,"13,463","65,41",#N/A,"0,73","0,8","7,3","60,00","0,93","32,5","2,2","3,7",1014640,994485,14237,"18,8","21,0"
1/04/2019,109,397,"7,2","45,6","142,03",#N/A,"6,069","23,14",#N/A,"1,12","0,8","6,7","12,00",#N/A,"7,67","4,9","7,5",1014455,992377,"171,9","17,9","21,4"
1/04/2019,112,525,"39,4",179,"122,33",#N/A,"12,661","88,49",#N/A,"0,69",#N/A,"7,4",102,"1,43","76,9","1,9","6,3",1011064,989518,17043,"19,3",#N/A
1/04/2019,139,567,"58,8",156,"133,80",#N/A,#N/A,"78,67",#N/A,"1,31",#N/A,"7,0","54,0","2,27","51,8","4,1","1,0",1007794,990777,21138,"19,9",#N/A
1/04/2019,"24,1","79,90","4,0",#N/A,"29,41",#N/A,"1,626","4,98","0,31",#N/A,"7,4","6,6","9,0",#N/A,"7,9","2,0","1,8",1000280,997149,"215,5","14,0",#N/A
1/04/2019,313,1007,#N/A,481,"81,25","0,276","46,730",128,#N/A,"6,47",#N/A,"7,8",124,"3,68",112,"1,0","5,5",1007496,1000280,6952,"21,8",#N/A
1/04/2019,144,616,410,2718,"324,92",#N/A,"20,240","79,94",#N/A,"1,42",#N/A,"7,1",4140,"1,85","36,4","2,9","7,8",1007407,990545,23995,21,#N/A
1/04/2019,164,675,"60,6",201,"161,99",#N/A,"17,661",126,#N/A,"1,62",#N/A,"7,2","92,0","1,82","57,9","2,4","5,5",1005879,988415,1250,#N/A,#N/A
1/04/2019,167,570,"51,2",186,"146,97","0,445","19,914","70,90",#N/A,"1,76",#N/A,"7,1",106,"1,47","51,7","2,4","8,7",1003660,984472,30947,"21,0",#N/A
1/04/2019,236,738,"90,0",349,"128,73","0,501","34,099","57,98","0,152","4,44","0,55","7,8",144,"2,47",113,"2,4","1,1",1000132,983566,#N/A,"18,1",#N/A
1/04/2019,191,675,"68,2",241,"87,23","0,354","27,331","82,20","0,152","2,96","0,60","7,4","76,0","2,18","61,5","2,0","6,9",998019,980641,32659,"20,6",#N/A
1/04/2019,172,623,"64,6",196,"88,42","0,358","25,007","74,52","0,152","2,85","0,85","7,9","80,0","2,45","59,6","1,3","4,1",994321,979936,34294,"20,1",#N/A
1/04/2019,222,743,"69,0",283,"91,08","0,249","32,081","81,63",#N/A,"3,08","3,83","7,8",128,"2,91","84,3","2,0","6,6",994286,978861,#N/A,"20,4",#N/A
1/04/2019,"58,5",373,"3,9",#N/A,"156,31",#N/A,#N/A,"5,02","0,64",#N/A,"1,83","7,8",460,#N/A,330,"2,0","5,2",1002601,966433,"1,2","21,8",#N/A
1/04/2019,"85,9",412,#N/A,#N/A,"216,87",#N/A,#N/A,"3,73","0,41",#N/A,"7,80","8,2",148,#N/A,114,"1,6",10,1006197,965861,"56,6","21,6",#N/A
1/04/2019,"67,6",303,"38,0",194,"23,62",#N/A,"4,095","21,08","2,93","0,41","7,25","7,6",560,#N/A,571,"6,9","5,5",1002996,964442,"1495,1","22,5","22,8"
1/04/2019,217,553,"18,7",108,"36,05",#N/A,"15,350","48,44",#N/A,"1,39","5,40","7,8",164,"0,63","97,9","6,9","2,5",1000360,960202,3640,"22,9","29,2"
1/04/2019,215,735,"75,0",292,"114,47","0,253","30,055","92,71",#N/A,"3,50","6,86","7,3",240,"2,79",113,"1,1","5,2",999219,957224,#N/A,"25,5","24,8"
1/04/2019,"36,2",196,"6,2",#N/A,"105,34",#N/A,"1,141","7,52","1,12",#N/A,"8,86","6,9","84,0",#N/A,57,"2,4","2,0",999120,957124,276,"22,2","25,6"
1/04/2019,214,724,"69,0",274,"208,45",#N/A,"31,140","89,39",#N/A,"3,26","6,28","7,4",110,"2,07","79,1","2,4","1,1",999118,957123,5400,"22,2","24,7"
1/04/2019,114,697,"10,2",149,"722,68",#N/A,"1,689","20,63","2,21",#N/A,"5,47","8,0","18,0",#N/A,"12,5","1,1","1,9",993327,948328,"79,9","25,4","24,2"
1/04/2019,"42,2","179,6","29,0","64,42",115,#N/A,#N/A,"2,56","0,59",#N/A,"6,01","7,77",440,#N/A,350,"1,4","3,9",988579,948308,8631,"22,3","23,2"
1/04/2019,111,476,"2,3",120,"28,78",#N/A,"12,205","49,19",#N/A,"0,96","6,70","8,06",336,"0,57",242,"1,1","7,9",990147,945547,47900,"22,1","24,8"
1/04/2019,102,453,"31,0",201,698,#N/A,#N/A,"6,86",#N/A,#N/A,"6,09","8,30",1168,#N/A,189,"4,4","5,4",942835,991179,"5139,1","24,1","26,3"
1/04/2019,114,470,"15,0",145,188,#N/A,"10,199","41,91","0,60","0,80","5,97","8,27",442,#N/A,340,"1,7","5,5",984195,941105,80459,"23,9","28,0"
1/04/2019,165,632,"66,0",219,360,#N/A,"17,070","61,75",#N/A,"1,82","2,66","7,86",348,"0,90",176,"2,4","2,4",983505,937394,#N/A,"33,2","28,7"
1/04/2019,118,480,"51,0",162,402,#N/A,"10,030","40,36","0,69","0,74","4,95","8,48",1004,#N/A,352,"8,2","1,7",983132,936450,#N/A,"27,4","29,9"
1/04/2019,"144,0",551,"49,0",266,422,#N/A,"13,584","45,26","0,18",#N/A,"0,65","7,60",1564,#N/A,387,"4,4","7,4",966275,920791,84690,"25,6","31,4"
1/04/2019,"21,5","121,1","18,0",144,"35,97","0,338","2,113","15,94","0,81",#N/A,"6,5","8,6",204,#N/A,130,"2,4","8,2",988620,955116,"57,6","12,1","16,3"
1/04/2019,"94,2",283,"82,2",215,129,"0,203","10,050","19,63",#N/A,"1,56",#N/A,"7,4",844,"0,67",168,"2,9","5,5",1004225,981925,3652,"20,1","20,1"
1/04/2019,144,519,"97,3",266,135,"0,575","16,790","74,14",#N/A,"2,55",#N/A,"7,0",348,"1,98","86,1","3,9","8,6",1004000,983635,34599,"18,8","21,3"
1/04/2019,141,415,"28,7",101,114,#N/A,"12,261","47,18",#N/A,#N/A,#N/A,"6,9","44,0","0,83","36,4","5,8","1,1",1001927,980701,37542,"20,2","20,1"
1/04/2019,144,438,"32,0",123,119,"0,458",#N/A,"48,46",#N/A,#N/A,#N/A,"6,9","42,0","1,02","57,9","1,6","1,9",1004235,981926,2943,"17,6","19,1"
1/04/2019,217,685,"95,0",277,224,#N/A,"28,983","49,13",#N/A,"3,21",#N/A,"7,4",828,"2,07",617,"7,3","2,5",1001927,980761,262,"18,1","20,9"
1/07/2019,#N/A,"8,9","3,5","11,7","3,10","0,374",#N/A,"1,49",#N/A,#N/A,"6,0","6,2",#N/A,#N/A,"4,9","2,4","1,3",1070826,1055091,"719,6","10,3","11,8"
1/07/2019,"5,1","18,1","4,5","26,7","5,37","0,536",#N/A,"3,20",#N/A,#N/A,"5,6","6,4","5,5",#N/A,"4,5","4,3","3,0",1069308,1053799,"692,7","10,7","14,3"
1/07/2019,"6,4","23,0","4,5","15,6","6,17",#N/A,#N/A,"4,05",#N/A,#N/A,"6,5","6,4","6,7",#N/A,"4,6","1,3","2,9",1068390,1053031,704,"11,0","18,9"
1/07/2019,"8,9","29,5","9,6","24,7","5,47","0,730","0,986","3,52","0,31",#N/A,"5,2","6,8","17,1",#N/A,"11,5","2,4","2,0",1068371,1053019,790,"10,9","17,5"
1/07/2019,"9,2","42,3","4,0","26,1","7,47","0,350","0,819","7,31","0,12",#N/A,"6,0","6,6","5,8",#N/A,"7,5","2,4","1,3",1066197,1051402,"1999,5","11,1","13,9"
1/07/2019,"22,3","26,2","15,0","54,1","27,30","0,233",#N/A,"64,53","0,11",#N/A,"3,0","7,3","15,0",#N/A,"13,1","2,0","6,1",1063652,1048111,1364,"11,5","15,4"
1/07/2019,"5,3","81,6",#N/A,#N/A,"7,23","0,223","0,909","3,25",#N/A,#N/A,"6,9","6,2","10,0",#N/A,"14,4","1,1","1,0",1061562,1044697,724,"14,8","16,8"
1/07/2019,169,530,"53,7",217,"51,25","0,606","18,845","35,71",#N/A,"2,42","1,0","7,7",100,"1,78",112,"5,5","3,3",1060592,1042241,"40,27","17,8","12,8"
1/07/2019,"10,5","74,8",#N/A,#N/A,"12,15","0,559","0,729","8,60",#N/A,#N/A,"5,4","6,4","10,7",#N/A,"10,6","1,1","1,6",1061576,1044142,2577,"14,6","14,8"
1/07/2019,"16,5",160,"3,0","32,5","16,93","0,206","1,138","13,87","0,14",#N/A,"5,2","6,7","11,0",#N/A,"15,7","6,1","2,6",1060434,1042019,3099,"15,1","14,8"
1/07/2019,"18,1","185,5","4,2","32,7","22,08",#N/A,"1,144","16,88","0,14",#N/A,"4,2","6,6","11,7",#N/A,"14,3","4,4","5,3",1056724,1041151,3617,"14,4","13,3"
1/07/2019,"5,9",292,#N/A,"35,0","7,51","0,650",#N/A,"3,19","0,13",#N/A,"7,1","6,3","48,0",#N/A,"78,2","1,1","1,0",1055218,1039038,4551,"14,6","13,4"
1/07/2019,"10,8","51,6",#N/A,#N/A,"14,60","0,619","1,178","10,25","0,25",#N/A,"4,0","6,7","37,0",#N/A,"47,3","7,0","1,3",1056381,1035927,3666,"13,5","12,6"
1/07/2019,"12,0","75,7",#N/A,#N/A,"16,20","0,355",#N/A,"19,49","0,46",#N/A,"4,8","6,4","28,0",#N/A,"52,6","3,6","1,1",1055047,1031592,4769,"13,9","17,6"
1/07/2019,248,779,"52,2",340,103,#N/A,"21,066","89,96",#N/A,"1,08","3,2","8,3",152,#N/A,136,"2,4","2,4",1054478,1031302,"0,82","18,2","18,4"
1/07/2019,"10,9","54,3",#N/A,"21,5","14,22",#N/A,"1,092","10,84","0,49",#N/A,"3,8","6,8","45,0",#N/A,"52,7","3,6","1,7",1051508,1030403,4935,"14,4","22,4"
1/07/2019,"10,8","34,2",#N/A,"23,0","10,99",#N/A,"1,009","4,89","0,28",#N/A,"4,6","6,6","11,2",#N/A,"20,7","1,1","3,0",1050786,1030429,5342,"17,3","18,6"
1/07/2019,"10,4","45,2",#N/A,"21,0","13,32","0,674",#N/A,"8,17","0,42",#N/A,"3,8","6,5","23,0",#N/A,"50,8","3,1","1,2",1050450,1029049,#N/A,"17,5","17,9"
1/07/2019,"11,1","57,5",#N/A,#N/A,"16,93","0,310","0,705","8,83","0,44",#N/A,"5,4","7,5","61,3",#N/A,"38,4","1,4","2,1",1049027,1025190,7461,"17,8","16,8"
1/07/2019,251,859,"23,3",181,122,"0,284","28,923","82,63",#N/A,"3,38","1,2","8,2","83,3",#N/A,"59,9","2,4","8,2",1043839,1021962,"10,24","18,3","16,9"
1/07/2019,"14,8","75,6",#N/A,#N/A,"20,36","0,479","1,163","8,87","0,52",#N/A,"4,0","7,0","38,8",#N/A,"47,9","2,4","3,9",1013552,1021314,13045,"16,9","16,6"
1/07/2019,"15,3","73,2",#N/A,#N/A,"18,96",#N/A,"0,956","8,88","0,52",#N/A,"3,4","6,6","23,3",#N/A,"36,8","2,2","2,3",1041499,1017904,13571,"15,7","17,9"
1/07/2019,176,783,"15,0",124,"82,43","0,811","23,849","73,51","0,24","4,13","3,2","7,4","18,0",#N/A,"18,4","2,4","7,3",1041102,1017565,22,"19,8","17,0"
1/07/2019,"16,2","78,8",#N/A,#N/A,"18,66","0,284","1,222","8,53","0,55",#N/A,"3,0","6,8","40,0",#N/A,"34,4","1,7","2,8",1041910,1014822,#N/A,"15,9","19,4"
1/07/2019,"20,4","77,3","2,8","28,5","17,53",#N/A,"0,780","9,06","0,82",#N/A,"2,2","6,69","33,75",#N/A,"45,4","8,2","1,9",1041710,1012509,12769,"25,0","13,6"
1/07/2019,"11,7","87,9","2,8","15,9","21,16",#N/A,#N/A,"10,41",#N/A,#N/A,"6,5","6,95","6,50",#N/A,"6,0","4,6","4,1",1059411,1012106,610,"14,3","13,9"
1/07/2019,127,414,"3,7","41,0",149,#N/A,"1,629","50,93","0,37",#N/A,"1,6","7,44","5,56",#N/A,"6,4","2,3","1,0",1051477,1017582,81,"25,0","23,9"
1/07/2019,"14,6",123,"13,0","36,0","22,20","0,271",#N/A,"10,40","0,46",#N/A,"6,0","7,37","20,0",#N/A,"18,5","8,2","4,1",1051766,1016901,322,"25,0","19,6"
1/07/2019,"59,1",207,"9,3","41,8","44,96",#N/A,"2,796","20,70",#N/A,#N/A,"0,4","7,04","17,5",#N/A,"16,3","2,4","6,1",1046897,1012932,1796,"25,0","17,8"
1/07/2019,"23,5",111,"4,6","26,5","21,22","0,338","0,968","11,67","0,57",#N/A,"0,6","6,81","65,0",#N/A,"41,7","9,1","8,8",1043957,1011761,#N/A,"25,0","19,6"
1/07/2019,181,3150,242,#N/A,137,"0,661","25,262",1085,#N/A,"2,19",#N/A,"7,8",167,"1,18","38,0","2,4","6,1",1044072,1010353,264,"16,5","13,2"
1/07/2019,"32,3",181,"10,0","61,1","25,16",#N/A,"1,552","33,21","0,54",#N/A,"1,8","6,9","22,50",#N/A,"33,4","2,4","1,2",1043749,1040311,#N/A,"16,7","20,7"
1/07/2019,"17,2","80,4","3,4","34,9","25,93","0,219",#N/A,"7,74","0,30",#N/A,"6,0","6,5","31,54",#N/A,"41,4","1,7","2,6",1019649,1013513,5953,"15,6","20,1"
1/07/2019,"29,6",124,"5,7","39,5","32,19",#N/A,#N/A,"13,63","0,26",#N/A,"3,2","7,2","36,00",#N/A,"41,8","2,4","4,1",1038988,1009350,7011,"17,2","19,9"
1/07/2019,"34,8",225,"9,1","54,2","95,58",#N/A,"1,397","43,51","0,33",#N/A,"1,4","6,9","31,00",#N/A,"41,7","2,4","3,9",1035918,1007888,13252,"17,5","22,0"
1/07/2019,312,974,323,#N/A,"33,42","0,419",#N/A,"81,25",#N/A,"3,50",#N/A,"7,8",225,"5,63",188,"1,0","7,5",1033604,1006441,186,"17,5","13,5"
1/07/2019,"58,1",284,"6,5","35,3",821,#N/A,"2,968","65,16","0,13",#N/A,"2,2","7,07","16,0",#N/A,"18,9","2,0","3,1",1029605,1005353,5623,"16,4","17,1"
1/07/2019,332,1038,302,#N/A,"97,70","0,886","34,512","81,42",#N/A,"5,08",#N/A,"7,08","62,0","4,40","53,1","3,3","1,3",1029208,1004238,140,"18,6","20,0"
1/07/2019,"75,0",402,"26,0","263,0","46,17","0,907","6,575","66,27",#N/A,"0,48","0,5","7,20","31,67","0,50","33,8","2,4","1,1",1029120,1004076,#N/A,"17,0","19,9"
1/07/2019,"63,1",408,"10,0","34,9","47,98",#N/A,"4,596","69,11",#N/A,#N/A,"0,2","7,14","24,0",#N/A,"24,6","2,4","2,9",1025822,1000734,7208,"17,9","24,1"
1/07/2019,"11,2","59,3","3,4","10,6","20,29",#N/A,#N/A,"11,03","0,26",#N/A,"5,5","6,82",#N/A,#N/A,"10,7","9,9","1,0",1036478,1001039,496,"14,1","20,2"
1/07/2019,"45,1",193,"25,9","55,8","34,07","0,321","4,547","18,45","0,28","0,46","0,9","7,08","30,67","0,66","28,3","2,4","2,4",1028313,1000934,1066,"15,9","23,7"
1/07/2019,"59,0",297,"12,0","70,1","46,65","0,309","4,759","51,72",#N/A,#N/A,"0,2","7,0","90,0","0,40","43,9","2,4","2,4",1026392,999437,#N/A,"15,7","15,1"
1/07/2019,"60,5",331,"11,7",#N/A,"46,54",#N/A,"4,463","59,78",#N/A,#N/A,#N/A,"7,1","97,5","0,44","74,3","1,5","3,9",1022460,997951,7311,"16,6","18,2"
1/07/2019,323,897,234,#N/A,115,"0,624","45,092","58,79",#N/A,"4,66",#N/A,"7,8",573,"3,95",206,"1,5","3,4",1022489,997948,#N/A,"19,6","15,5"
1/07/2019,167,709,#N/A,"51,4",210,#N/A,"9,981",118,#N/A,"1,00",#N/A,"7,1","8,0",#N/A,"5,2","2,4","3,1",1017697,994734,#N/A,"14,5","18,9"
1/07/2019,"65,4",412,"5,7","30,3","59,19","0,810","4,947",#N/A,#N/A,#N/A,"0,4","7,1","19,0","0,43","15,3","9,2","2,0",1017423,994661,#N/A,"17,6","20,0"
1/07/2019,"5,3","24,5",#N/A,#N/A,"8,60","0,292",#N/A,"1,00",393,#N/A,"6,7","6,4","6,0",#N/A,"6,1","6,7","3,2",1003040,1002113,"19,5","12,0","20,7"
1/08/2019,254,828,166,#N/A,"85,36","0,402","24,074","69,83",#N/A,"4,14",#N/A,"7,7",103,"4,73","85,9","2,7","1,3",1015610,934756,2384,"17,0","15,3"
1/08/2019,274,880,247,#N/A,"96,08",#N/A,"32,013",119,#N/A,"3,64","1,4","7,8",160,"7,13",123,"5,5","1,6",1015587,994602,#N/A,"18,3","15,4"
1/08/2019,133,"524,0","48,4",#N/A,"62,08",#N/A,"13,816","70,09",#N/A,"1,09",#N/A,"7,6","82,0","3,57","71,4","1,2","4,1",1014640,994485,13758,"17,7","17,1"
1/08/2019,141,324,"3,4","34,9","94,18",#N/A,"4,943","26,24",#N/A,"0,48","1,0","7,5","4,5",#N/A,"8,0","2,4","4,1",1014447,992365,"34,9","16,4","17,4"
1/08/2019,215,982,249,#N/A,101,#N/A,"26,180","96,78",#N/A,"5,92",#N/A,"7,3",132,"7,30","82,9","2,0","4,1",1014412,992113,#N/A,"18,3","18,9"
1/08/2019,130,512,"61,0",#N/A,"64,83",#N/A,"13,438",218,#N/A,#N/A,#N/A,"7,4","70,0","3,19","60,6","2,6","1,2",1013679,990724,14193,"19,0","17,7"
1/08/2019,173,666,"90,2",#N/A,"68,67","0,288","25,709","81,23",#N/A,"2,74",#N/A,"7,4","42,0","2,68","38,9","1,4","4,6",1011067,989491,13869,"18,1","20,2"
1/08/2019,174,648,"86,4",#N/A,"66,80","0,281","22,171","77,00",#N/A,"2,82",#N/A,"7,5","62,0","2,60","37,1","2,1","4,2",1007799,990787,13543,"18,6","18,9"
1/08/2019,"6,8","23,6","83,8",#N/A,"13,72",#N/A,#N/A,"1,33",#N/A,#N/A,"6,7","6,3","52,0",#N/A,"10,9","1,3","8,5",1000288,997146,1039,"10,5","15,1"
1/08/2019,261,841,228,#N/A,"67,11",#N/A,"34,928","80,95",#N/A,"5,76",#N/A,"7,5",114,"2,31","81,5","4,9","1,4",1007504,991605,5293,"18,5","20,2"
1/08/2019,171,627,"73,4",#N/A,"65,34","0,423","20,005","74,33",#N/A,"2,65",#N/A,"7,4","29,0","1,86","34,8","2,6","6,3",1007379,990528,18836,"18,9","18,6"
1/08/2019,171,628,"87,2",#N/A,"63,02",#N/A,"20,641","76,57",#N/A,"2,56",#N/A,"7,3","56,0","2,23","55,3","1,0","3,6",1005876,988406,1250,"18,1","19,0"
1/08/2019,243,812,164,#N/A,"58,03",#N/A,"30,989","79,86",#N/A,"4,21",#N/A,"7,3","80,0","3,13","49,6","2,4","9,2",1003660,984472,22332,"18,7","16,2"
1/08/2019,"5,4","45,5",#N/A,#N/A,"12,91",#N/A,#N/A,"8,66","0,47",#N/A,"7,1","6,3","33,0","0,56","22,9","2,4","7,7",988620,995116,421,"12,9","13,2"
1/08/2019,135,463,"68,0",#N/A,"75,09",#N/A,"18,173","35,99",#N/A,"1,99",#N/A,"7,8",140,"1,59",118,"1,6","5,0",1003542,983927,6669,"18,8","19,8"
1/08/2019,150,608,113,#N/A,"59,17",#N/A,"24,610","42,89",#N/A,"2,37",#N/A,"7,6",210,"1,97","75,6","2,7","7,9",1004000,983635,29001,"19,8","15,5"
1/08/2019,270,905,137,#N/A,115,#N/A,"28,550","73,79",#N/A,#N/A,#N/A,"7,7","44,0","2,72","39,0","1,2","5,0",1004225,981926,700,"19,6","20,1"
1/08/2019,216,753,133,#N/A,"79,09",#N/A,"25,104","71,78",#N/A,"3,57",#N/A,"7,3",162,"3,57","71,9","2,8","9,6",1001927,980761,29701,"19,8","20,9"
1/08/2019,333,980,264,660,"85,00",#N/A,"39,022","70,60",#N/A,"6,86",#N/A,"7,6",250,"4,88",250,"9,2","2,6",1000131,983563,198,"19,3","18,3"
1/08/2019,337,875,"39,0",181,"95,05","0,332","37,384","62,29",#N/A,"5,10",#N/A,"7,4","21,0","3,05","90,2","6,8","2,0",1000629,982257,#N/A,"16,7","20,0"
1/08/2019,223,724,122,287,"65,57",#N/A,"25,211","73,53",#N/A,"3,48",#N/A,"7,3","73,3","2,70","99,6","2,4","9,3",998020,980644,31323,"17,3","19,6"
1/08/2019,209,753,125,304,"72,21",#N/A,"25,613","72,26",#N/A,"3,84",#N/A,"7,2","74,0","2,94","78,6","7,1","2,7",994327,979933,32924,"18,4","18,8"
1/08/2019,229,765,118,276,"71,85","0,268","26,600","75,08",#N/A,"3,57","1,0","7,3","70,0","3,17","81,3","2,8","8,2",994290,978871,#N/A,"19,3","20,4"
1/08/2019,154,798,"46,7",157,124,#N/A,"10,987","69,50","6,52",#N/A,"1,6","7,9","46,2","1,25","33,4","3,0","8,5",1002448,969400,"3,36","22,8","24,3"
1/08/2019,187,1085,"2,0",#N/A,428,#N/A,#N/A,"9,85",#N/A,#N/A,"7,02","8,6",#N/A,#N/A,#N/A,"9,8","8,4",1003348,965188,"9,7",#N/A,"26,2"
1/08/2019,195,741,"65,0",180,"82,36",#N/A,"21,790","78,64",#N/A,"1,81","7,85","8,2","80,0","0,76","46,2","2,0","5,5",1002984,964445,#N/A,#N/A,"26,4"
1/08/2019,205,772,"81,7",289,"89,82",#N/A,"26,449","78,68",#N/A,"2,93","5,02","7,8",135,"1,79","84,4","2,9","6,6",998640,958226,3489,#N/A,"27,1"
1/08/2019,194,679,"54,0",242,"96,17","0,325","23,937","68,22",#N/A,"2,73","5,82","7,5",103,"1,81","80,0","2,6","6,4",999443,967404,#N/A,#N/A,"27,4"
1/08/2019,"86,5",454,"10,0",#N/A,135,#N/A,"3,741","34,77","5,98","0,55","5,82","7,6","13,0",#N/A,"8,5","1,7","2,6",989181,967194,"73,7",#N/A,"27,2"
1/08/2019,215,712,"72,0",267,"79,27",#N/A,"24,527","71,19",#N/A,"2,71","5,08","7,6",133,"2,45",109,"2,5","5,4",999781,967194,"9,7",#N/A,"27,4"
1/08/2019,435,1260,"86,0",218,242,"0,314","44,203","86,31",#N/A,"4,89","0,4","8,0","60,0","4,49","83,4","1,1","2,0",993303,948324,14,"25,4","24,1"
1/08/2019,"86,9",565,#N/A,#N/A,267,#N/A,#N/A,"7,08","0,18",#N/A,"5,6","8,1","6,5",#N/A,"5,07","9,8","3,1",988670,948315,57,"24,3","28,3"
1/08/2019,228,776,"57,0",191,"79,86",#N/A,"36,698","75,38",#N/A,"2,83","3,2","7,8","54,0","2,10","36,3","1,2","6,1",990147,945540,18661,"21,7","34,8"
1/08/2019,"98,4","1061,0",#N/A,"22,6",494,#N/A,#N/A,"14,06","0,13",#N/A,"7,7","8,5","5,0",#N/A,"2,98","7,7","5,4",991273,942763,42,"29,4","35,1"
1/08/2019,152,1320,"51,0",148,"80,60","0,213","30,000","72,94",#N/A,"0,92","6,21","7,62","45,0","0,92","14,1","1,2","4,1",984195,941105,18927,"22,3","26,2"
1/08/2019,301,2250,174,489,198,"0,340","46,667","94,81",#N/A,"5,82","1,32","7,50",160,"3,78","88,4","1,7","6,5",983505,937394,#N/A,"30,4","29,8"
1/08/2019,153,1381,"59,0",157,"93,69","0,497","26,292","89,78",#N/A,"1,17","2,45","7,66","51,0","0,69","16,3","4,4","8,6",983132,936450,#N/A,"23,5","29,5"
1/08/2019,157,1358,"48,0",195,146,#N/A,"27,873","74,24",#N/A,"1,95","0,98","7,74",105,"0,91","38,7","8,2","8,2",967451,920378,12468,"26,2","28,7"
1/03/2019,"8,5","19,9",#N/A,#N/A,"15,82",#N/A,#N/A,"1,77",#N/A,#N/A,"6,7","7,0","6,0",#N/A,"3,82","8,8","6,3",1069685,1056205,"72,70","13,4","19,1"
1/03/2019,"12,2","27,7","2,5",#N/A,"17,90",#N/A,"0,76","3,02",#N/A,#N/A,"4,3","7,0","5,0",#N/A,"6,39","9,3","1,1",1070595,1053847,"96,30","14,4","19,7"
1/03/2019,"33,4","40,0","22,0","75,0","21,04",#N/A,"4,32","9,12",#N/A,"0,54","2,5","7,1","15,0","0,78","16,30","1,1","3,1",1068412,1053084,"87,8","15,6","20,1"
1/03/2019,"8,6","24,3",#N/A,#N/A,"13,00",#N/A,#N/A,"1,77",#N/A,#N/A,"6,7","6,7","5,0",#N/A,"4,01","1,7","7,7",1068366,1053042,"59,40","14,4","20,1"
1/03/2019,"90,9",2100,#N/A,219,"6,91","0,610","12,69",629,#N/A,"1,01","1,1","8,5","40,0",#N/A,"47,0","3,0","2,0",1066295,1051139,368,"15,3","17,4"
1/03/2019,"81,0",471,"21,2","73,0","3,91","0,254","8,00","99,04",#N/A,#N/A,"0,6","7,4","50,0",#N/A,"14,2","1,1","2,0",1064117,1047880,"220,1","17,6","20,5"
1/03/2019,"11,5","26,40","2,6",#N/A,"17,77","0,968",#N/A,"2,02",#N/A,#N/A,"4,89","6,60","10,0",#N/A,"13,3","8,5","1,0",1071562,1044697,"8,0","15,6","11,9"
1/03/2019,116,802,"20,6","88,0","133,34",#N/A,"10,37",208,#N/A,"0,58","4,14","7,50","24,0",#N/A,"21,6","7,5","1,0",1061576,1044142,"166,1","15,1","12,0"
1/03/2019,403,1087,158,529,"118,81",#N/A,"53,06","95,92",#N/A,#N/A,"6,62","7,90",293,"5,15",197,"1,9","1,0",1060592,1042241,"14,61","17,5","14,0"
1/03/2019,109,701,"27,6","63,0","121,97",#N/A,"13,96",140,#N/A,#N/A,"5,22","7,40","36,0","0,50","24,6","1,7","7,5",1060434,1042019,"180,7","16,2","14,3"
1/03/2019,195,985,111,190,"163,48","0,344","21,60",196,#N/A,#N/A,"3,26","7,50","36,0","0,48","95,3","6,3","1,0",1056724,1041151,"378,8","17,3","15,8"
1/03/2019,"10,4","28,4","3,2",#N/A,"17,86",#N/A,#N/A,"3,88",#N/A,#N/A,"8,63","6,70","12,0",#N/A,"18,5","6,3","1,0",1055218,1039038,"2753,3","16,4","16,0"
1/03/2019,"18,9","86,40","3,3",#N/A,"33,00",#N/A,"1,06","13,81","0,54",#N/A,"3,90","6,90","11,0",#N/A,"13,0","1,2","4,5",1056382,1035918,"3515,8","15,6","15,5"
1/03/2019,"12,9",105,"3,3",#N/A,"30,82","0,395","0,74","19,60","1,53",#N/A,"4,40","6,90","8,0",#N/A,"11,8","4,4","7,3",1055047,1031590,3076,"15,5","18,5"
1/03/2019,300,982,130,592,"278,26","0,214",#N/A,"99,56",#N/A,"0,76","1,40","7,80",332,#N/A,197,"2,4","5,5",1054452,1031345,"2,6","18,1","18,5"
1/03/2019,"10,7",122,#N/A,"14,7","33,68","0,286","0,77","25,11","1,94",#N/A,"3,70","6,70","5,0",#N/A,"8,65","1,2","6,3",1051498,1030418,2758,"16,3","17,4"
1/03/2019,"11,8","43,0","17,5","20,4","21,82","0,654",#N/A,"5,36",#N/A,#N/A,"6,90","7,00","24,67",#N/A,"10,9","2,0","1,0",1050795,1030430,8397,"17,7","18,9"
1/03/2019,"12,0","68,6",#N/A,"13,9","22,54","0,326",#N/A,"11,87","0,50",#N/A,"5,20","6,90","6,0",#N/A,"7,64","6,8","2,6",1050438,1029127,11155,"18,2","19,1"
1/03/2019,"14,5","63,3","5,2",#N/A,"16,02",#N/A,#N/A,"8,34","0,49",#N/A,"2,44","7,10","42,0",#N/A,"14,9","5,8","5,7",1049267,1025199,8725,"16,9","23,0"
1/03/2019,358,1119,"76,0",370,"103,75",#N/A,"42,35",126,#N/A,"7,00","0,84","7,80",125,#N/A,114,"1,6","1,0",1044194,1021837,"12,15","17,5","20,6"
1/03/2019,"15,9","72,6","2,4",#N/A,"20,73","0,244","0,70","9,66","0,57",#N/A,"5,27","6,70","23,0",#N/A,"11,8","2,4","2,1",1044090,1021737,"10570,15","16,8","18,2"
1/03/2019,"22,0","88,2","3,1",#N/A,"20,96","0,250","0,82","11,08","0,54",#N/A,"4,07","6,80","18,67",#N/A,"12,2","2,0","2,0",1041556,1017864,9527,"17,1","22,6"
1/03/2019,282,963,114,321,"133,17","0,357","41,03","92,21",#N/A,#N/A,#N/A,"7,40","95,00","0,54","68,7","4,6","2,4",1041181,1017515,"19,00","20,2","22,2"
1/03/2019,"24,8","103,9","3,4",#N/A,"31,12",#N/A,#N/A,"12,84","0,68",#N/A,"3,29","6,80","95,00",#N/A,"39,5","6,1","6,2",1042334,1014817,#N/A,"17,4","17,2"
1/03/2019,"29,5","111,2","4,6","21,4","19,68",#N/A,#N/A,"12,94","0,77",#N/A,"2,51","6,80","50,0",#N/A,"34,10","1,7","1,5",1041710,1012515,8551,"19,7","18,0"
1/03/2019,"17,9","73,7",#N/A,"10,3","23,36",#N/A,#N/A,"10,76",#N/A,#N/A,"6,70","6,50","9,00",#N/A,"6,38","3,5","2,0",1059365,1012101,"1746,8","15,0","13,5"
1/03/2019,"23,9","113,7",#N/A,"11,0","43,13","0,571",#N/A,"13,15","1,01","0,62","4,29","6,50","14,28",#N/A,"5,13","1,1","1,0",1051473,1017606,"244,8","16,8","22,3"
1/03/2019,"18,2","76,7","5,9","25,7","27,44",#N/A,#N/A,"11,27","0,31",#N/A,"7,37","6,90","34,28",#N/A,"17,80","1,6","6,6",1051780,1016873,"1509,9","17,5","22,7"
1/03/2019,"30,8","130,6","6,2","31,3","35,82",#N/A,"1,566","16,31","0,38",#N/A,"4,66","6,90","85,00",#N/A,"39,70","2,4","1,2",1046049,1012075,"2137,8","18,7","25,2"
1/03/2019,"38,6",153,"2,8","19,9","35,69","0,253","1,417","20,43","0,62",#N/A,"4,46","6,90","26,66",#N/A,"26,40","9,8","8,4",1044017,1011724,"10668,8","19,7","25,2"
1/03/2019,"43,4",282,"4,3","17,1","35,63","0,343","3,241","35,78","1,99",#N/A,"2,9","7,2","9,00","0,45","4,06","2,4","2,1",1019817,1013427,"211,6","14,7","15,5"
1/03/2019,131,594,"11,1","73,4","83,31","0,275",#N/A,"68,36",#N/A,"0,59","0,6","7,4","5,00",#N/A,"31,6","2,4","3,3",1037719,1010510,597,"17,2","16,6"
1/03/2019,107,962,"11,0","39,9","74,77","0,620",#N/A,257,#N/A,"0,52","1,3","7,4","30,00","0,49","18,7","5,5","6,8",1035921,1007881,3521,"20,4","16,5"
1/04/2019,359,1029,284,623,"106,94","0,524","44,324","26,82",#N/A,"1,68","0,9","7,7",265,"6,28",216,"8,2","2,8",1033597,1006442,"150,6","21,0","19,4"
1/04/2019,"80,8",980,"17,3",#N/A,"71,75","0,350",#N/A,278,#N/A,#N/A,"1,0","7,0","60,00","0,91","26,8","2,4","1,1",1039388,1008158,"11111,8","21,0","21,5"
1/04/2019,287,3890,216,840,"142,66","0,348","42,542",1237,#N/A,"4,78",#N/A,"7,5",152,"4,81",152,"5,2","2,3",1045186,1009872,423,"19,9","20,2"
1/04/2019,128,593,"18,2","76,0","40,33",#N/A,"6,398","112,0",#N/A,"0,73","8,45","7,9","28,89","0,62","24,7","1,7","8,2",1029493,1004499,3521,"19,1","19,5"
1/04/2019,307,834,"96,0",240,"63,61",#N/A,"34,816","81,37",#N/A,"4,76","1,25","8,0","90,00","4,00","62,6","2,2","1,4",1029207,1004241,"138,6","20,2","20,0"
1/04/2019,129,"595,00","23,4",#N/A,"42,78","0,253","12,250",109,#N/A,"0,88","2,60","7,6","56,67","0,79","25,8","2,4","7,3",1028644,1003881,#N/A,"21,0","19,8"
1/04/2019,105,508,"11,0",#N/A,"40,50",#N/A,"4,969",100,#N/A,#N/A,"2,54","7,3","24,00","0,65","10,4","2,8","2,8",1025820,1000728,4418,"18,4","18,0"
1/04/2019,"12,3","77,60",#N/A,#N/A,"16,28",#N/A,#N/A,"12,50","0,46",#N/A,"6,82","6,8","13,00",#N/A,"16,7","2,0","2,0",1036484,1001030,1226,"15,9","16,6"
1/04/2019,"40,2","188,7","55,2",110,"24,95",#N/A,"4,058","19,89","0,40","0,60","2,66","6,5","10,00","0,58","30,3","1,6","8,2",1028313,1000934,1609,"16,8","17,1"
1/04/2019,104,458,"15,3",#N/A,"63,73",#N/A,"7,062","80,97","0,22","0,36","2,50","7,4","65,0","0,40","15,7","4,1","8,2",1026134,998989,#N/A,"18,2","19,2"
1/04/2019,104,433,"14,1",#N/A,"55,44",#N/A,"6,976","75,56",#N/A,#N/A,"1,00","6,9","46,00","0,47","14,9","2,4","5,0",1022461,997955,8022,"18,4","17,9"
1/04/2019,280,894,443,640,"101,67",#N/A,"36,877","63,72",#N/A,"4,05",#N/A,"7,3",235,"9,61",161,"7,3","2,1",1022487,997949,#N/A,"19,6","17,8"
1/04/2019,142,677,"3,8","46,1","250,92",#N/A,"9,401",102,#N/A,#N/A,"0,60","6,8","75,00","0,58","11,8","9,1","3,1",1017466,994667,#N/A,"16,1","18,1"
1/04/2019,104,567,"2,6","35,5","120,54","0,345","6,842",121,#N/A,"0,35","1,20","7,3","73,33","0,55","14,9","2,4","5,8",1017345,994683,#N/A,"18,4","17,8"
1/04/2019,"7,3","28,8",#N/A,#N/A,"14,38",#N/A,#N/A,"1,37","0,24",#N/A,"9,00","6,3","17,50",#N/A,"11,8","3,5","5,2",1003044,1002133,"23,5","12,2","15,2"
1/06/2020,#N/A,"8,4",#N/A,"32,90","2,37",#N/A,#N/A,"1,19",#N/A,#N/A,"7,85","60,5",#N/A,#N/A,"2,84",1400,200,1070826,1055091,850,"10,5","14,1"
1/06/2020,"6,00","30,2","2,70","29,30","8,2","0,313","0,727","6,09","0,24",#N/A,"7,43","6,85","11,00",#N/A,"5,74",23000,5900,1069308,1053799,928,"11,6","16,5"
1/06/2020,"7,00","35,2","3,00","35,10","8,51",#N/A,"0,922","6,41","0,27",#N/A,"6,63","7,30","9,00",#N/A,"8,24",240000,69000,1068395,1053029,226,"12,2",#N/A
1/06/2020,#N/A,"16,8",#N/A,"30,10","4,31",#N/A,#N/A,"2,27","0,24",#N/A,"7,40","6,81","9,00",#N/A,"7,00",44000,19000,1068371,1053019,"1,319","11,5","20,3"
1/06/2020,"10,60","77,5","5,00","38,00","12,47","0,365","1,147","15,23",#N/A,#N/A,"7,07","7,44","12,00",#N/A,"5,33",160000,69000,1066197,1051402,2016,"12,6","21,5"
1/06/2020,"13,50","89,2","4,40","22,10","14,09",#N/A,"1,293","20,16",#N/A,#N/A,"5,32","6,87","13,70",#N/A,"8,12",240000,73000,1063652,1048111,2153,13,"20,5"
1/06/2020,"8,32","23,4",#N/A,#N/A,"15,57","0,205",#N/A,"3,33",#N/A,#N/A,"7,01","6,49",6,#N/A,"12,70",24000,2100,1061556,1044703,1173,"12,9","16,4"
1/06/2020,"15,74","97,3","6,1","16,3","17,45",#N/A,"1,420","19,32",#N/A,#N/A,"5,10","6,87",41,#N/A,"17,90",20000,2200,1061580,1044149,3610,13,"16,7"
1/06/2020,162,463,"48,5",299,"45,35",#N/A,"7,820","42,42","0,13","3,43","6,62","7,93","92,0","0,44","65,10",980000,440000,1060636,1042266,"27,9",19,"19,8"
1/06/2020,"21,2","129,7","8,0","15,0","18,59","0,687","2,292","25,03","0,14",#N/A,"4,33","6,79","48,3",#N/A,"35,20",8200,3900,1060041,1041969,3231,"13,4",21
1/06/2020,"20,1","104,5","4,1","13,4","19,59","0,454","1,451","19,10","0,19",#N/A,"4,63","6,87","25,0",#N/A,"26,50",39000,8000,1056730,1041156,3743,"14,2","16,7"
1/06/2020,"15,1","86,7","2,3","15,9","17,34",#N/A,#N/A,"21,54",#N/A,#N/A,"8,33","8,94","12,0",#N/A,"16,30",850,100,1055229,1039047,#N/A,"19,6","17,2"
1/06/2020,"15,4","95,40","3,70","12,30","18,56",#N/A,3,"18,76","0,8",4,"3,69","6,59",15,#N/A,"13,1",15000,1300,1056381,1035927,4753,"14,5",16
1/06/2020,"12,0",111,"3,20","18,00","21,09",#N/A,3,"23,81","1,44",4,"6,05","6,7",19,#N/A,"19,7",17000,410,1055047,1031592,3655,15,"18,5"
1/06/2020,268,861,"75,00",2,"89,07",#N/A,"29,980",101,"0,12",4,"5,4","7,99",190,#N/A,104,"2,4",420000,1054481,1031302,"5,62","20,3","18,8"
1/06/2020,"12,3","92,6","2,9","23,8","18,72",#N/A,3,"20,49","1,47",4,"4,74","6,85",24,#N/A,"16,4",12000,1100,1051508,1030403,3753,"15,8",18
1/06/2020,"13,9","45,3",#N/A,#N/A,"12,16",#N/A,3,"7,37",3,4,"6,52","7,05",#N/A,#N/A,"6,21",1500,"1,0",1050786,1030429,1012,"18,2","21,9"
1/06/2020,16,"75,9","6,8","32,5","18,22",#N/A,3,"10,93","0,84",4,"4,18","7,88","42,5",#N/A,"23,3",37000,"1,0",1049273,1025199,"5,216","14,9","15,6"
1/06/2020,260,836,"25,8",2,"86,59","0,771","27,629",103,"0,13","5,41",1,"8,44","38,6",#N/A,"69,1",770000,1000,1044192,1021838,"12,15","18,6",#N/A
1/06/2020,"56,4",207,"23,6","41,8","27,89",#N/A,"5,537","24,14",3,"0,79","3,37","9,01",75,#N/A,"33,2","2,4",1300000,1044160,1021797,"6,432","16,9","19,9"
1/06/2020,"20,7","95,8","3,90","18,5","18,35",#N/A,#N/A,"13,02","1,40",#N/A,"3,19","7,46","28,6",#N/A,"28,60",44000,3800,1041531,1017882,"6,197","16,2","17,2"
1/06/2020,193,693,"20,20","54,78","67,92",#N/A,"23,815","72,88",#N/A,"1,33","3,66","7,47","27,14",#N/A,"18,66",780000,97000,1041203,1027477,75,"19,2","18,1"
1/06/2020,"36,10",193,"4,70","24,90","20,32",#N/A,"0,884","19,09","1,18",4,"2,19","7,06",30,#N/A,"36,50",130000,18000,1042126,1014831,"6,905","16,4","20,6"
1/06/2020,"31,7",191,"3,8","20,9","21,45",#N/A,"1,705","17,63","1,38",#N/A,"2,54","7,01","25,0",#N/A,"20,4",49000,4100,1041713,1012511,6193,"21,4","11,7"
1/06/2020,"13,4","89,2","2,3",#N/A,"16,67",#N/A,#N/A,"11,82",#N/A,#N/A,"6,25","8,52","5,3",#N/A,"6,86",260,10,1059410,1012699,1630,"15,7","18,9"
1/06/2020,125,897,"23,4",117,"179,39",#N/A,"5,086",186,#N/A,#N/A,"1,56","7,005","22,9",#N/A,"50,20",9700,1000,1051469,1017583,99,"16,5","19,5"
1/06/2020,"14,7","86,6",#N/A,#N/A,"19,13",#N/A,#N/A,"12,58",#N/A,#N/A,"4,58","7,15",#N/A,#N/A,"2,17",760,20,1051765,1016905,1454,"15,7","19,3"
1/06/2020,"43,4",272,"3,3","30,1","50,94",#N/A,"1,525","44,53","0,54",#N/A,"1,40","6,92","15,0",#N/A,"7,28",9600,850,1046894,1012928,1478,"17,6","17,2"
1/06/2020,"45,9",259,"4,3","24,6","41,66",#N/A,3,"38,28",#N/A,#N/A,"3,62","7,07",11,#N/A,"12,40",28000,740,1044075,1011791,2829,"16,3","15,1"
1/06/2020,265,1832,155,344,"201,48",#N/A,"36,892",468,#N/A,"5,08","0,13","7,86",137,"4,77",109,2400000,2400000,1044072,1010353,277,"18,6","20,5"
1/06/2020,"71,40",423,"11,40",39,"112,27",#N/A,"3,822","90,47",#N/A,#N/A,"1,67","7,30","60,00","0,50","19,5",220000,8500,1039386,1008162,"4,36","20,1","19,2"
1/06/2020,"14,30","75,7",#N/A,"13,20","42,15",#N/A,#N/A,"12,48","0,79",#N/A,"6,55","7,48","15,70",#N/A,"16,1",92000,5000,1019649,1013513,"1,743","12,8","19,5"
1/06/2020,"34,50",138,"2,20","19,40","71,67",#N/A,"1,064","19,85",#N/A,#N/A,"3,97","6,92","10,00",#N/A,"11,5",120000,1400,1038998,1009350,"3,844","16,4","18,7"
1/06/2020,"62,10",371,"12,80","36,30","102,41",#N/A,"4,245","79,05",#N/A,#N/A,"1,37","8,50","44,30",#N/A,"17,5",240000,98000,1035918,1007888,"1,157","18,8","21,1"
1/06/2020,323,1000,308,700,"193,49",#N/A,"3,494","95,48",#N/A,"5,74","0,34","7,83",340,#ERROR!,213,20000000,200000,1033569,1006459,76,"19,7","17,6"
1/08/2020,"16,20","74,10","4,50","10,30","23,46",#N/A,#N/A,"10,23","0,38",#N/A,"5,32","6,74",5,#N/A,"6,4",3400,310,1001038,1036479,642,13,"13,8"
1/08/2020,"83,90",886,17,36,"58,15",#N/A,"3,525",240,"0,28",#N/A,"1,90","7,34",38,#N/A,"26,3",240000,130000,1029589,1005364,7429,"17,8","17,5"
1/08/2020,430,1011,119,379,"100,91",#N/A,3,"93,36","0,23","6,26","0,39","8,02","67,5","4,45","76,5",5200000,1500000,1029210,1004241,110,"17,2","18,7"
1/06/2020,115,602,38,"58,90","58,45",#N/A,"8,671",134,#N/A,"0,66","1,06","8,41","57,50","0,77","53,8",650000,290000,1029142,1004098,7515,"19,2","18,7"
1/06/2020,"84,8",345,"12,3","87,44","53,91",#N/A,"5,247","65,31",#N/A,#N/A,"0,42","7,15",54,"0,46","26,6",2400000,730000,1025819,1000730,8719,"18,3","19,9"
1/06/2020,132,369,"69,70",184,"49,65",#N/A,"7,391","35,83",#N/A,"2,04","1,06","7,42",64,"1,43","31,1",2400000,2400000,1028291,1001009,1013,"18,8","19,8"
1/07/2020,231,741,147,345,"76,04",#N/A,"32,929","86,60",#N/A,"2,31","0,69","7,291",100,"5,42","66,10",24000000,20000000,1015588,994603,2400,"17,6","13,4"
1/07/2020,111,571,"25,3",100,"64,79","0,26","12,495","66,31",#N/A,#N/A,"0,73","7,25","92,5","0,82","58,30",29000000,3100000,1014673,994536,23000,"17,6","13,5"
1/07/2020,119,278,"5,6",163,"149,81",#N/A,3,"28,08",#N/A,"1,03","0,65","6,91",6,#N/A,"2,92",24000,1800,1014438,992373,308,"14,5","14,1"
1/07/2020,118,427,"38,6",118,"63,7",#N/A,"14,208","64,43",#N/A,"0,44","0,88","7,16","85,7","1,13","56,50",2400000,2000000,1014310,992105,26506,"17,7","16,3"
1/07/2020,144,492,"40,2",158,"67,33",#N/A,3,"66,89",#N/A,"1,38","0,82","7,25",62,"1,67","46,80",26000000,1100000,1011139,989455,25205,"18,7","21,2"
1/07/2020,144,443,"36,3",119,"63,09","0,524","16,046","55,42",#N/A,"1,35","0,84","7,28",66,"1,34","48,60",12000000,4600000,1007806,990808,25446,"18,8","21,4"
1/07/2020,"53,70",217,"8,8",151,"39,18",#N/A,3,"35,12","0,62",#N/A,"1,08","8,04","78,30",#N/A,97,48000,3000,1022460,997951,15046,"16,9","14,1"
1/07/2020,218,592,39,215,"95,24",#N/A,"23,485","54,35",#N/A,"1,95","2,72","8,11","38,00","1,44","35,8",24000000,6100000,1022489,997913,"12,9","18,9","18,3"
1/07/2020,"94,10",362,"8,4","28,5","66,54",#N/A,3,"60,71",#N/A,"0,53","1,74","8,14","31,70","0,40","34,7",220000,37000,1017697,994737,#N/A,"18,6","19,2"
1/07/2020,"70,30",270,"8,40","47,20","46,69",#N/A,"5,868","45,66",#N/A,#N/A,"1,34","8,04",56,#N/A,"41,2",430000,66000,1017423,994661,16476,"17,8","17,5"
1/07/2020,244,741,113,341,"72,9",#N/A,"39,735","82,69",#N/A,"2,65","3,98","8,07","93,30","4,02","72,1",24000000,8200000,1015610,934756,3559,"18,9","25,2"
1/07/2020,"16,50",54,#N/A,"33,90","16,48",#N/A,"1,217","3,88","0,61",#N/A,"6,68","7,60",26,#N/A,"20,4",150000,29000,1003040,1002113,"66,6","13,8","26,5"
1/07/2020,"9,10","24,7",#N/A,"23,90","9,36",#N/A,"0,860","0,83","0,14",#N/A,"6,8","7,19",6,#N/A,"5,2",24000,5500,1000040,997204,1034,"11,4","19,8"
1/07/2020,142,472,"34,70",183,"61,23",#N/A,"15,336","58,84",#N/A,"1,13","0,42","7,69","62,50","1,52","60,3",25000000,7400000,1007446,990654,9255,"18,1","16,6"
1/07/2020,206,686,162,660,"90,86",#N/A,"32,376","74,35","0,23","3,49","0,65","7,33",152,"3,47","55,6",24000000,6300000,1004000,983635,49943,"17,6","13,3"
1/07/2020,233,702,254,315,"133,02",#N/A,"20,036","84,02","0,13","3,25","0,42","7,04",3220,"0,79",107,10000000,1300000,1004234,981900,#N/A,"16,8","17,2"
1/07/2020,197,631,123,979,"96,07",#N/A,"25,965","70,74","0,12","3,35","0,45","7,17",720,"0,75",140,24000000,6300000,1001927,980761,#N/A,"18,8","18,3"
1/07/2020,178,600,"66,7",729,"53,4","0,34","28,135","49,73",#N/A,"4,24","0,66","7,57",85,"1,19",65,24000000,4800000,1000131,983563,212,"17,5","20,8"
1/07/2020,316,852,"43,6",366,"79,92","0,49","40,297","74,81","0,16","5,30","0,97","7,52","26,7","3,40","42,5",7700000,1500000,1000636,982256,#N/A,"17,8","21,5"
1/07/2020,177,566,"94,9",572,"52,6","0,227","20,965","62,80","0,12","2,82","0,45","7,19",64,"2,67","50,8",16000000,7700000,998020,980644,"37,9","18,2","20,6"
1/07/2020,194,607,98,660,"53,17",#N/A,"22,681","69,04",#N/A,"2,71","0,42","7,22",66,"2,79","50,2",15000000,7700000,994327,979933,39149,19,"20,5"
1/08/2020,261,715,"92,7",212,"62,93",#N/A,"34,390","79,02","0,25","3,44",0,"7,81",134,"3,09","39,80",1000000,260000,994297,978755,#N/A,"17,1","13,6"
1/08/2020,"67,06",272,2,#N/A,102,#N/A,#N/A,"6,14","0,28",#N/A,"7,70","8,03",10,#N/A,"7,23",240000,410,1002597,969252,"3,27",19,"19,6"
1/08/2020,"87,56",727,#N/A,#N/A,246,#N/A,#N/A,"9,19","0,50",#N/A,"5,90","8,55",4,#N/A,"2,99",11000000,3100000,1004003,965565,"15,8","25,9","27,4"
1/08/2020,"56,12",443,"10,70","25,94","91,06","0,291","3,584","47,86","16,11","1,26",0,"7,90",12,#N/A,"4,30",210000,31000,1002982,964446,"395,1",24,"29,1"
1/08/2020,119,697,"83,80",2,"60,01","0,586","31,597","75,99","0,24","3,48","2,40","7,66",92,"2,79","52,90",11000000,11000000,1000352,960214,3077,21,"29,1"
1/08/2020,232,784,"74,7",208,110,#N/A,"27,240","69,86","0,23","1,65",0,"7,5",167,"0,94","54,90",7600000,2400000,957445,999229,#N/A,#N/A,"24,5"
1/08/2020,86,538,"7,2","23,1",117,#N/A,"3,456","45,01","10,74","1,63","3,9","7,3",#N/A,#N/A,"2,54",140000,8400,957190,998194,#N/A,#N/A,"27,4"
1/08/2020,233,708,111,265,"62,79",#N/A,"30,816","73,86","0,25","2,74",0,"7,5",128,"2,89","38,70",20000000,5000000,957136,999141,#N/A,#N/A,"27,4"
1/08/2020,339,1060,"61,3",164,139,#N/A,"38,605","91,86","0,65","5,79","2,1","7,8","57,5","2,10","38,20",1100000,350000,948326,993320,#N/A,#N/A,"28,8"
1/08/2020,72,297,#N/A,#N/A,"99,01","0,271",#N/A,"4,71","0,42",#N/A,"6,48","7,94","13,3",#N/A,"5,76",22000,520,947339,989190,#N/A,"25,2","24,5"
1/08/2020,154,665,407,240,"55,7","0,441","21,327","63,38","0,17","1,25","6,48","7,94",57,"1,58","59,90",2400000,2400000,945549,990153,19880,"20,9","25,9"
1/08/2020,118,834,6,122,289,#N/A,#N/A,"15,83","1,06",#N/A,"5,69","8,47",254,#N/A,254,520000,23000,942801,991370,#N/A,"31,6","28,2"
1/08/2020,179,625,"60,0",166,"68,39",#N/A,"26,630","65,70",#N/A,"1,70","5,11","7,87",16,"1,33","45,7",8200000,1400000,941070,984399,45281,#N/A,"28,1"
1/08/2020,239,872,129,244,116,#N/A,"32,251","81,90","0,18","2,58","1,22","7,48","90,0","2,51","59,7",260000000,88000000,937360,983724,#N/A,29,"27,1"
1/08/2020,177,634,"20,7",131,"66,57",#N/A,"25,845","64,60","0,17","1,41","3,63","7,69","84,0","1,35","40,2",2600000,770000,934310,980854,#N/A,"23,2","28,1"
1/08/2020,171,"624,5","23,7",364,"76,93","0,522","23,343","63,30","0,17","1,50","1,20","7,56",368,"0,86",124,3100000,1200000,920381,967436,49286,"24,2","29,1"
1/03/2021,8,"17,10","3,50","17,34","8,51",#N/A,#N/A,"1,14",#N/A,#N/A,"2,12","6,78",5,#N/A,"2,05",1950,153,1070829,1055113,"66,5","11,6","10,1"
1/03/2021,"13,46","44,60","4,60",20,"14,31",#N/A,#N/A,"5,09",#N/A,#N/A,"5,94","7,06",10,#N/A,"5,24",64900,3890,1069273,1053789,"41,5","12,5","15,8"
1/03/2021,"28,98","96,50","29,40","47,58","16,44",#N/A,#N/A,"10,66",#N/A,#N/A,"0,28","7,68","14,40",#N/A,10,1280000,311000,1068398,1053081,140,"13,8",19
1/03/2021,"20,80","39,70","26,50","45,16","7,55",#N/A,#N/A,"2,58","0,13",#N/A,"7,07","7,77","17,10",#N/A,"10,20",1520000,487000,1068407,1053004,177,"12,7","18,8"
1/03/2021,"25,25",109,14,"35,48","15,94",#N/A,#N/A,"11,13",#N/A,#N/A,"4,16","6,94",17,#N/A,"6,13",242000,34500,1066610,1031382,501,16,"16,1"
1/03/2021,"49,68",585,"37,60",2,"43,84",#N/A,#N/A,106,"0,19",#N/A,"1,72","7,70",30,#N/A,"6,38",115000,23100,1063667,1049106,506,"11,6","9,5"
1/03/2021,"5,33","12,5","3,4","18,75","5,55",#N/A,#N/A,"1,01",#N/A,#N/A,"4,67","5,96",8,#N/A,"7,35",2880,310,1061552,1044705,166,"12,8","8,7"
1/03/2021,"45,54",409,"23,4","49,59","36,51",#N/A,#N/A,"70,23",#N/A,#N/A,"3,62","8,30","17,5",#N/A,"10,60",51700,2280,1060573,1042153,803,"13,6","17,7"
1/03/2021,260,692,202,293,"41,78",#N/A,#N/A,"49,34",#N/A,"4,07","0,60","7,77","1,3","3,62",118,435000,108000,1060584,1042256,"32,4",27,"24,3"
1/03/2021,70,417,"32,80",169,"36,98",#N/A,#N/A,"69,23",#N/A,#N/A,"0,70","7,12",20,"0,48",14,86600,10900,1056715,1041167,702,"16,5","9,9"
1/03/2021,"7,90","24,90","4,40",2,"9,24",#N/A,#N/A,"3,15",#N/A,#N/A,"5,21","6,74",24,#N/A,"31,10",2790,435,1055222,1039055,782,"14,9","9,7"
1/03/2021,"2,40",128,"13,80",2,"16,72",#N/A,#N/A,"19,19",#N/A,#N/A,"2,99","6,88",16,#N/A,"19,50",9320,"37,9",1056380,1035918,2456,"17,3","22,3"
1/03/2021,"19,46",115,"4,80","19,15","18,14",#N/A,#N/A,"13,07","1,06",#N/A,"4,01","6,77",19,#N/A,"23,60",8500,771,1055044,1031598,2725,16,"15,7"
1/03/2021,237,847,"91,20",396,"72,39",#N/A,#N/A,"81,17",#N/A,#N/A,"3,70","8,08",180,"0,64",103,1200000,326000,1054452,1031352,"2,83","18,1","18,5"
1/03/2021,"26,93",143,"5,70","36,9","25,62",#N/A,#N/A,"24,67","1,32",#N/A,"2,59","6,76",21,#N/A,"19,90",54800,5630,1051511,1030403,3559,"15,8","14,2"
1/03/2021,"14,26",46,"4,30","32,20","13,3",#N/A,#N/A,"7,29",#N/A,#N/A,"6,74","7,11","12,9",#N/A,"8,22",2420,#N/A,1050761,1030450,4160,"18,2","20,9"
1/03/2021,745,119,"6,40","37,50","22,81",#N/A,#N/A,"18,20","0,96",#N/A,"4,42","6,90",15,#N/A,"19,30",28500,2560,1049299,1026886,#N/A,"18,3","12,3"
1/03/2021,"26,73",128,"9,30","41,80","26,36",#N/A,#N/A,"16,89","1,33",#N/A,"5,48","7,07",26,#N/A,"32,60",29100,3690,1049273,1025197,#N/A,16,"12,1"
1/03/2021,"40,59",189,"7,30","36,04","45,68",#N/A,#N/A,"21,37","2,12","0,41","7,95","7,55",26,#N/A,"22,80",54800,6910,1043617,1021471,9688,"13,4","12,8"
1/03/2021,"52,67",374,2,"23,50","93,22",#N/A,#N/A,"43,60","1,33",#N/A,"2,70","6,60",820,#N/A,983,63800,26600,1051477,1017580,708,"15,1","14,2"
1/03/2021,"41,58",200,"5,6",2,"44,67",#N/A,#N/A,"17,89","1,48",#N/A,"2,98","7,84",22,#N/A,"29,90",130000,8160,1041563,1017865,9917,"17,2","21,1"
1/03/2021,"21,98",525,"33,8","64,2","58,61",#N/A,#N/A,"55,46","21,89",#N/A,"5,14","7,58",38,#N/A,"21,70",77000,3730,1041206,1017478,"91,1","19,8","17,6"
1/03/2021,"44,54",241,"15,5",165,"48,7",#N/A,#N/A,"24,08","0,65",#N/A,"2,94","7,85",612,#N/A,771,236000,41400,1046898,1012938,2100,"16,4","14,4"
1/03/2021,"55,04",211,8,2,"45,67",#N/A,#N/A,"18,19","1,58",#N/A,"2,10","7,20","37,10",#N/A,"32,50",2100000,112000,1041910,1014822,11232,"17,3","15,5"
1/03/2021,"13,37","70,60","3,8","56,19","20,96",#N/A,#N/A,"9,57","0,19",#N/A,"5,86","7,98",#N/A,#N/A,"4,71",20100,102,1056698,1012027,677,"14,9","13,3"
1/03/2021,"56,63",211,"6,20","46,94","43,42",#N/A,#N/A,"18,56","1,31",#N/A,"1,10","6,91",24,#N/A,"28,20",64900,6310,1041707,1012504,13713,"17,2","11,3"
1/03/2021,"15,64","86,30",4,"40,64","27,3",#N/A,#N/A,"10,54","0,34",#N/A,"4,10","6,91",6,#N/A,"4,96",2490,101,1051761,1016918,478,"14,7","11,2"
1/03/2021,"51,48",213,"7,80","47,80","45,76",#N/A,#N/A,"19,46","1,23",#N/A,2,"6,98",142,#N/A,214,102000,14800,1044081,1011784,#N/A,"16,8","11,4"
1/03/2021,276,1605,123,274,"85,84",#N/A,#N/A,320,#N/A,"3,49","0,00","7,76",86,"3,25","89,10",48800000,6970000,1045150,1009890,765,"18,1","28,1"
1/03/2021,44,181,"4,40","48,40","35,86",#N/A,#N/A,"16,59","0,74",#N/A,"1,17","6,86",34,#N/A,"82,60",49600,7400,1039004,1007288,13339,"17,1","19,3"
1/03/2021,"47,52",213,"8,30","45,10","47,33",#N/A,#N/A,"24,71","0,41",#N/A,"2,87","7,13",26,#N/A,"46,90",105000,15400,1037627,1010526,4736,"16,3",12
1/03/2021,"62,96",547,"13,50",2,"53,51",#N/A,#N/A,"52,61","0,25",#N/A,"2,36","7,42",42,#N/A,83,579000,49600,1035917,1007887,11471,"17,5","19,1"
1/03/2021,101,323,"36,9",177,"70,79",#N/A,#N/A,"25,64",#N/A,#N/A,"1,95","7,46",114,"0,95","37,40",17200000,3640000,1034404,1006024,"25,8","18,8","17,7"
1/03/2021,"68,51",348,"24,6",100,"51,44",#N/A,#N/A,"48,29",#N/A,#N/A,"0,68","7,11",125,"0,43","17,10",1410000,146000,1029594,1005366,17367,"17,6",13
1/03/2021,347,925,154,301,"75,63",#N/A,#N/A,"71,44","0,17","5,01","1,04","7,99","96,7","4,16","80,70","3,93",1190000,1029204,1004247,100,"17,5","11,7"
1/03/2021,74,356,24,105,"48,42",#N/A,#N/A,"49,34",#N/A,#N/A,"1,70","7,20",140,"0,58","16,20",1200000,249000,1028991,1004010,#N/A,"16,4","12,3"
1/03/2021,73,319,"16,4","83,33","64,15",#N/A,#N/A,"41,16",#N/A,#N/A,"1,04","7,05",215,#N/A,105,866000,86200,1025840,1000755,12763,"15,6","11,8"
1/03/2021,10,"75,4","2,5",2,"26,23",#N/A,#N/A,"10,81","0,38",#N/A,"5,60","6,75",19,#N/A,"15,6",32700,2480,1036480,1001037,405,"13,1","16,8"
1/03/2021,"51,46",195,"15,80",2,"41,66",#N/A,#N/A,"20,49",#N/A,#N/A,"1,48","7,09",17,#N/A,"16,60",2420000,816000,1028298,1000920,1681,"14,4",15
1/03/2021,43,232,"12,30","51,40","44,44",#N/A,#N/A,"27,93","0,24",#N/A,"1,31","7,10",108,#N/A,"57,70",980000,167000,1026408,999466,14204,"15,7","17,8"
1/03/2021,80,353,"16,70","79,30",3,#N/A,#N/A,"0,72",#N/A,#N/A,"0,94","7,12",55,#N/A,"54,40",2140000,199000,1022467,997980,8542,"15,6","10,2"
1/03/2021,144,622,"74,40",159,3,#N/A,#N/A,"8,89",#N/A,#N/A,"4,23","7,04",58,"1,07","2,45",17200000,3840000,1022485,997945,#N/A,"18,2","10,4"
1/03/2021,164,699,"12,60","69,10",138,#N/A,#N/A,"66,61",#N/A,"0,85","0,68","7,03",7,#N/A,"11,50",27200,6500,1017696,994739,#N/A,"15,2","14,2"
1/03/2021,"82,81",699,"10,60","63,20","74,54",#N/A,#N/A,"40,65",#N/A,#N/A,"1,13","7,02",32,"0,40","36,20",2610000,364000,1017412,994663,10582,"15,2","10,1"
1/03/2021,"5,90","22,80",#N/A,"22,40",3,#N/A,#N/A,"0,53",#N/A,#N/A,"7,72","6,59",#N/A,#N/A,"2,30",504,110,1003046,1002085,31,"11,1","9,7"
1/03/2021,173,557,108,271,3,#N/A,#N/A,"39,73",#N/A,"2,65","1,05","7,27",54,"3,20","56,10",32600000,7380000,1015916,994759,1663,"16,8",14
1/03/2021,242,834,33,184,3,#N/A,#N/A,"64,83",#N/A,4,"4,29","7,47",94,"0,53","41,60",2100000,573000,1015587,994598,"2,19","18,2","19,6"
1/03/2021,127,495,"28,20","72,27",3,#N/A,#N/A,"53,95",#N/A,"0,40","0,42","7,53",26,"0,65","29,70",3870000,1290000,1014656,994550,13952,"17,7",23
1/03/2021,"96,48","2,48","3,80",49,3,#N/A,#N/A,"16,04",#N/A,"0,39","0,57","6,68",#N/A,"0,40","2,55",7380,116,1014442,992329,"98,4",15,"13,6"
1/03/2021,217,792,171,291,3,#N/A,#N/A,"62,53",#N/A,"3,94","0,46","7,51",100,"3,70","67,50",579000000,13000000,1014319,992104,#N/A,"17,3","13,7"
1/03/2021,123,692,"30,20","91,33",3,#N/A,#N/A,"65,36",#N/A,"0,37","1,36","7,18",22,"0,70","30,80",8090000,980000,1014328,992098,16918,"17,7","20,3"
1/03/2021,184,645,"76,20",156,3,#N/A,#N/A,"63,80",#N/A,"1,55","0,57","7,54",70,"1,89","49,20",17300000,4350000,1011033,989481,16319,"17,7","12,3"
1/07/2020,186,642,154,317,"72,82",#N/A,"25,604","62,75",#N/A,"3,33","1,53","7,99",157,"5,22","83,8",49000000,9300000,1005883,988418,34434,"18,7",18
1/07/2020,145,511,"73,30",212,"64,92","0,34","14,179","62,64","0,14","1,76","0,86","7,80","87,50","2,33","46,7",98000000,31000000,1003658,984465,34185,"18,2","15,3"
1/07/2020,"7,50","25,40",#N/A,"13,90","8,3",#N/A,#N/A,"4,27","0,36",#N/A,"6,58","6,94",20,#N/A,"32,1",41000000,12000000,982622,992729,12363,"14,6","16,9"
1/07/2020,130,422,"87,8",161,"47,77",#N/A,"18,699","42,07",#N/A,"2,11","0,67","8,08",167,"1,48","68,4",6500,100,1003608,983946,15758,"16,3","15,6"